<annotation>
	<folder>images</folder>
	<filename>kangaroo-187.jpg</filename>
	<path>/home/hugo/Documents/projects/tfjs/dataset/images/kangaroo-187.jpg</path>
	<source>
		<database>Unknown</database>
	</source>
	<size>
		<width>1000</width>
		<height>634</height>
		<depth>3</depth>
	</size>
	<segmented>0</segmented>
	<object>
		<name>kangaroo</name>
		<pose>Unspecified</pose>
		<truncated>0</truncated>
		<difficult>0</difficult>
		<bndbox>
			<xmin>238</xmin>
			<ymin>256</ymin>
			<xmax>502</xmax>
			<ymax>562</ymax>
		</bndbox>
	</object>
	<object>
		<name>kangaroo</name>
		<pose>Unspecified</pose>
		<truncated>0</truncated>
		<difficult>0</difficult>
		<bndbox>
			<xmin>466</xmin>
			<ymin>332</ymin>
			<xmax>592</xmax>
			<ymax>541</ymax>
		</bndbox>
	</object>
</annotation>
