<annotation>
	<folder>images</folder>
	<filename>kangaroo-241.jpg</filename>
	<path>/home/hugo/Documents/projects/tfjs/dataset/images/kangaroo-241.jpg</path>
	<source>
		<database>Unknown</database>
	</source>
	<size>
		<width>937</width>
		<height>773</height>
		<depth>3</depth>
	</size>
	<segmented>0</segmented>
	<object>
		<name>kangaroo</name>
		<pose>Unspecified</pose>
		<truncated>0</truncated>
		<difficult>0</difficult>
		<bndbox>
			<xmin>165</xmin>
			<ymin>470</ymin>
			<xmax>729</xmax>
			<ymax>735</ymax>
		</bndbox>
	</object>
	<object>
		<name>kangaroo</name>
		<pose>Unspecified</pose>
		<truncated>0</truncated>
		<difficult>0</difficult>
		<bndbox>
			<xmin>301</xmin>
			<ymin>310</ymin>
			<xmax>461</xmax>
			<ymax>507</ymax>
		</bndbox>
	</object>
</annotation>
