<annotation>
	<folder>images</folder>
	<filename>kangaroo-513.jpg</filename>
	<path>/home/hugo/Documents/projects/tfjs/dataset/images/kangaroo-513.jpg</path>
	<source>
		<database>Unknown</database>
	</source>
	<size>
		<width>1024</width>
		<height>576</height>
		<depth>3</depth>
	</size>
	<segmented>0</segmented>
	<object>
		<name>kangaroo</name>
		<pose>Unspecified</pose>
		<truncated>0</truncated>
		<difficult>0</difficult>
		<bndbox>
			<xmin>166</xmin>
			<ymin>23</ymin>
			<xmax>843</xmax>
			<ymax>542</ymax>
		</bndbox>
	</object>
</annotation>
