<annotation>
	<folder>images</folder>
	<filename>kangaroo-564.jpg</filename>
	<path>/home/hugo/Documents/projects/tfjs/dataset/images/kangaroo-564.jpg</path>
	<source>
		<database>Unknown</database>
	</source>
	<size>
		<width>2449</width>
		<height>1632</height>
		<depth>3</depth>
	</size>
	<segmented>0</segmented>
	<object>
		<name>kangaroo</name>
		<pose>Unspecified</pose>
		<truncated>0</truncated>
		<difficult>0</difficult>
		<bndbox>
			<xmin>603</xmin>
			<ymin>567</ymin>
			<xmax>1245</xmax>
			<ymax>1471</ymax>
		</bndbox>
	</object>
	<object>
		<name>kangaroo</name>
		<pose>Unspecified</pose>
		<truncated>0</truncated>
		<difficult>0</difficult>
		<bndbox>
			<xmin>1173</xmin>
			<ymin>584</ymin>
			<xmax>1513</xmax>
			<ymax>1167</ymax>
		</bndbox>
	</object>
</annotation>
