<annotation>
	<folder>images</folder>
	<filename>kangaroo-42.jpg</filename>
	<path>/home/hugo/Documents/projects/tfjs/dataset/images/kangaroo-42.jpg</path>
	<source>
		<database>Unknown</database>
	</source>
	<size>
		<width>1023</width>
		<height>576</height>
		<depth>3</depth>
	</size>
	<segmented>0</segmented>
	<object>
		<name>kangaroo</name>
		<pose>Unspecified</pose>
		<truncated>0</truncated>
		<difficult>0</difficult>
		<bndbox>
			<xmin>39</xmin>
			<ymin>10</ymin>
			<xmax>868</xmax>
			<ymax>566</ymax>
		</bndbox>
	</object>
</annotation>
