<annotation>
	<folder>images</folder>
	<filename>kangaroo-691.jpg</filename>
	<path>/home/hugo/Documents/projects/tfjs/dataset/images/kangaroo-691.jpg</path>
	<source>
		<database>Unknown</database>
	</source>
	<size>
		<width>990</width>
		<height>742</height>
		<depth>3</depth>
	</size>
	<segmented>0</segmented>
	<object>
		<name>kangaroo</name>
		<pose>Unspecified</pose>
		<truncated>0</truncated>
		<difficult>0</difficult>
		<bndbox>
			<xmin>224</xmin>
			<ymin>171</ymin>
			<xmax>964</xmax>
			<ymax>630</ymax>
		</bndbox>
	</object>
</annotation>
