<annotation>
	<folder>images</folder>
	<filename>kangaroo-250.jpg</filename>
	<path>/home/hugo/Documents/projects/tfjs/dataset/images/kangaroo-250.jpg</path>
	<source>
		<database>Unknown</database>
	</source>
	<size>
		<width>1000</width>
		<height>668</height>
		<depth>3</depth>
	</size>
	<segmented>0</segmented>
	<object>
		<name>kangaroo</name>
		<pose>Unspecified</pose>
		<truncated>0</truncated>
		<difficult>0</difficult>
		<bndbox>
			<xmin>424</xmin>
			<ymin>185</ymin>
			<xmax>658</xmax>
			<ymax>573</ymax>
		</bndbox>
	</object>
	<object>
		<name>kangaroo</name>
		<pose>Unspecified</pose>
		<truncated>1</truncated>
		<difficult>0</difficult>
		<bndbox>
			<xmin>1</xmin>
			<ymin>209</ymin>
			<xmax>87</xmax>
			<ymax>407</ymax>
		</bndbox>
	</object>
</annotation>
