<annotation>
	<folder>images</folder>
	<filename>kangaroo-68.jpg</filename>
	<path>/home/hugo/Documents/projects/tfjs/dataset/images/kangaroo-68.jpg</path>
	<source>
		<database>Unknown</database>
	</source>
	<size>
		<width>1000</width>
		<height>667</height>
		<depth>3</depth>
	</size>
	<segmented>0</segmented>
	<object>
		<name>kangaroo</name>
		<pose>Unspecified</pose>
		<truncated>0</truncated>
		<difficult>0</difficult>
		<bndbox>
			<xmin>625</xmin>
			<ymin>275</ymin>
			<xmax>879</xmax>
			<ymax>560</ymax>
		</bndbox>
	</object>
	<object>
		<name>kangaroo</name>
		<pose>Unspecified</pose>
		<truncated>0</truncated>
		<difficult>0</difficult>
		<bndbox>
			<xmin>415</xmin>
			<ymin>191</ymin>
			<xmax>659</xmax>
			<ymax>535</ymax>
		</bndbox>
	</object>
	<object>
		<name>kangaroo</name>
		<pose>Unspecified</pose>
		<truncated>0</truncated>
		<difficult>0</difficult>
		<bndbox>
			<xmin>18</xmin>
			<ymin>196</ymin>
			<xmax>427</xmax>
			<ymax>553</ymax>
		</bndbox>
	</object>
</annotation>
