<annotation>
	<folder>images</folder>
	<filename>kangaroo-435.jpg</filename>
	<path>/home/hugo/Documents/projects/tfjs/dataset/images/kangaroo-435.jpg</path>
	<source>
		<database>Unknown</database>
	</source>
	<size>
		<width>177</width>
		<height>284</height>
		<depth>3</depth>
	</size>
	<segmented>0</segmented>
	<object>
		<name>kangaroo</name>
		<pose>Unspecified</pose>
		<truncated>1</truncated>
		<difficult>0</difficult>
		<bndbox>
			<xmin>42</xmin>
			<ymin>5</ymin>
			<xmax>177</xmax>
			<ymax>284</ymax>
		</bndbox>
	</object>
</annotation>
