<annotation>
	<folder>images</folder>
	<filename>kangaroo-50.jpg</filename>
	<path>/home/hugo/Documents/projects/tfjs/dataset/images/kangaroo-50.jpg</path>
	<source>
		<database>Unknown</database>
	</source>
	<size>
		<width>290</width>
		<height>174</height>
		<depth>3</depth>
	</size>
	<segmented>0</segmented>
	<object>
		<name>kangaroo</name>
		<pose>Unspecified</pose>
		<truncated>0</truncated>
		<difficult>0</difficult>
		<bndbox>
			<xmin>80</xmin>
			<ymin>9</ymin>
			<xmax>147</xmax>
			<ymax>157</ymax>
		</bndbox>
	</object>
	<object>
		<name>kangaroo</name>
		<pose>Unspecified</pose>
		<truncated>0</truncated>
		<difficult>0</difficult>
		<bndbox>
			<xmin>135</xmin>
			<ymin>14</ymin>
			<xmax>199</xmax>
			<ymax>164</ymax>
		</bndbox>
	</object>
</annotation>
