<annotation>
	<folder>images</folder>
	<filename>kangaroo-249.jpg</filename>
	<path>/home/hugo/Documents/projects/tfjs/dataset/images/kangaroo-249.jpg</path>
	<source>
		<database>Unknown</database>
	</source>
	<size>
		<width>512</width>
		<height>339</height>
		<depth>3</depth>
	</size>
	<segmented>0</segmented>
	<object>
		<name>kangaroo</name>
		<pose>Unspecified</pose>
		<truncated>0</truncated>
		<difficult>0</difficult>
		<bndbox>
			<xmin>141</xmin>
			<ymin>45</ymin>
			<xmax>428</xmax>
			<ymax>226</ymax>
		</bndbox>
	</object>
</annotation>
