<annotation>
	<folder>images</folder>
	<filename>kangaroo-307.jpg</filename>
	<path>/home/hugo/Documents/projects/tfjs/dataset/images/kangaroo-307.jpg</path>
	<source>
		<database>Unknown</database>
	</source>
	<size>
		<width>1000</width>
		<height>667</height>
		<depth>3</depth>
	</size>
	<segmented>0</segmented>
	<object>
		<name>kangaroo</name>
		<pose>Unspecified</pose>
		<truncated>0</truncated>
		<difficult>0</difficult>
		<bndbox>
			<xmin>359</xmin>
			<ymin>109</ymin>
			<xmax>807</xmax>
			<ymax>607</ymax>
		</bndbox>
	</object>
	<object>
		<name>kangaroo</name>
		<pose>Unspecified</pose>
		<truncated>0</truncated>
		<difficult>0</difficult>
		<bndbox>
			<xmin>19</xmin>
			<ymin>10</ymin>
			<xmax>294</xmax>
			<ymax>382</ymax>
		</bndbox>
	</object>
</annotation>
