<annotation>
	<folder>images</folder>
	<filename>kangaroo-652.jpg</filename>
	<path>/home/hugo/Documents/projects/tfjs/dataset/images/kangaroo-652.jpg</path>
	<source>
		<database>Unknown</database>
	</source>
	<size>
		<width>1908</width>
		<height>1146</height>
		<depth>3</depth>
	</size>
	<segmented>0</segmented>
	<object>
		<name>kangaroo</name>
		<pose>Unspecified</pose>
		<truncated>0</truncated>
		<difficult>0</difficult>
		<bndbox>
			<xmin>155</xmin>
			<ymin>666</ymin>
			<xmax>734</xmax>
			<ymax>1038</ymax>
		</bndbox>
	</object>
	<object>
		<name>kangaroo</name>
		<pose>Unspecified</pose>
		<truncated>0</truncated>
		<difficult>0</difficult>
		<bndbox>
			<xmin>1634</xmin>
			<ymin>364</ymin>
			<xmax>1768</xmax>
			<ymax>479</ymax>
		</bndbox>
	</object>
</annotation>
