<annotation>
	<folder>images</folder>
	<filename>kangaroo-26.jpg</filename>
	<path>/home/hugo/Documents/projects/tfjs/dataset/images/kangaroo-26.jpg</path>
	<source>
		<database>Unknown</database>
	</source>
	<size>
		<width>1200</width>
		<height>900</height>
		<depth>3</depth>
	</size>
	<segmented>0</segmented>
	<object>
		<name>kangaroo</name>
		<pose>Unspecified</pose>
		<truncated>1</truncated>
		<difficult>0</difficult>
		<bndbox>
			<xmin>400</xmin>
			<ymin>50</ymin>
			<xmax>1005</xmax>
			<ymax>900</ymax>
		</bndbox>
	</object>
</annotation>
