<annotation>
	<folder>images</folder>
	<filename>kangaroo-454.jpg</filename>
	<path>/home/hugo/Documents/projects/tfjs/dataset/images/kangaroo-454.jpg</path>
	<source>
		<database>Unknown</database>
	</source>
	<size>
		<width>512</width>
		<height>337</height>
		<depth>3</depth>
	</size>
	<segmented>0</segmented>
	<object>
		<name>kangaroo</name>
		<pose>Unspecified</pose>
		<truncated>0</truncated>
		<difficult>0</difficult>
		<bndbox>
			<xmin>252</xmin>
			<ymin>88</ymin>
			<xmax>379</xmax>
			<ymax>331</ymax>
		</bndbox>
	</object>
	<object>
		<name>kangaroo</name>
		<pose>Unspecified</pose>
		<truncated>1</truncated>
		<difficult>0</difficult>
		<bndbox>
			<xmin>1</xmin>
			<ymin>176</ymin>
			<xmax>93</xmax>
			<ymax>249</ymax>
		</bndbox>
	</object>
	<object>
		<name>kangaroo</name>
		<pose>Unspecified</pose>
		<truncated>0</truncated>
		<difficult>0</difficult>
		<bndbox>
			<xmin>188</xmin>
			<ymin>154</ymin>
			<xmax>241</xmax>
			<ymax>224</ymax>
		</bndbox>
	</object>
</annotation>
