<annotation>
	<folder>images</folder>
	<filename>kangaroo-15.jpg</filename>
	<path>/home/hugo/Documents/projects/tfjs/dataset/images/kangaroo-15.jpg</path>
	<source>
		<database>Unknown</database>
	</source>
	<size>
		<width>512</width>
		<height>288</height>
		<depth>3</depth>
	</size>
	<segmented>0</segmented>
	<object>
		<name>kangaroo</name>
		<pose>Unspecified</pose>
		<truncated>1</truncated>
		<difficult>0</difficult>
		<bndbox>
			<xmin>182</xmin>
			<ymin>4</ymin>
			<xmax>327</xmax>
			<ymax>288</ymax>
		</bndbox>
	</object>
</annotation>
