<annotation>
	<folder>images</folder>
	<filename>kangaroo-207.jpg</filename>
	<path>/home/hugo/Documents/projects/tfjs/dataset/images/kangaroo-207.jpg</path>
	<source>
		<database>Unknown</database>
	</source>
	<size>
		<width>296</width>
		<height>170</height>
		<depth>3</depth>
	</size>
	<segmented>0</segmented>
	<object>
		<name>kangaroo</name>
		<pose>Unspecified</pose>
		<truncated>1</truncated>
		<difficult>0</difficult>
		<bndbox>
			<xmin>97</xmin>
			<ymin>1</ymin>
			<xmax>188</xmax>
			<ymax>170</ymax>
		</bndbox>
	</object>
</annotation>
