<annotation>
	<folder>images</folder>
	<filename>kangaroo-442.jpg</filename>
	<path>/home/hugo/Documents/projects/tfjs/dataset/images/kangaroo-442.jpg</path>
	<source>
		<database>Unknown</database>
	</source>
	<size>
		<width>267</width>
		<height>189</height>
		<depth>3</depth>
	</size>
	<segmented>0</segmented>
	<object>
		<name>kangaroo</name>
		<pose>Unspecified</pose>
		<truncated>0</truncated>
		<difficult>0</difficult>
		<bndbox>
			<xmin>70</xmin>
			<ymin>80</ymin>
			<xmax>173</xmax>
			<ymax>148</ymax>
		</bndbox>
	</object>
	<object>
		<name>kangaroo</name>
		<pose>Unspecified</pose>
		<truncated>1</truncated>
		<difficult>0</difficult>
		<bndbox>
			<xmin>1</xmin>
			<ymin>58</ymin>
			<xmax>57</xmax>
			<ymax>128</ymax>
		</bndbox>
	</object>
</annotation>
