<annotation>
	<folder>images</folder>
	<filename>kangaroo-197.jpg</filename>
	<path>/home/hugo/Documents/projects/tfjs/dataset/images/kangaroo-197.jpg</path>
	<source>
		<database>Unknown</database>
	</source>
	<size>
		<width>1200</width>
		<height>900</height>
		<depth>3</depth>
	</size>
	<segmented>0</segmented>
	<object>
		<name>kangaroo</name>
		<pose>Unspecified</pose>
		<truncated>0</truncated>
		<difficult>0</difficult>
		<bndbox>
			<xmin>824</xmin>
			<ymin>428</ymin>
			<xmax>1025</xmax>
			<ymax>689</ymax>
		</bndbox>
	</object>
	<object>
		<name>kangaroo</name>
		<pose>Unspecified</pose>
		<truncated>0</truncated>
		<difficult>0</difficult>
		<bndbox>
			<xmin>656</xmin>
			<ymin>418</ymin>
			<xmax>828</xmax>
			<ymax>697</ymax>
		</bndbox>
	</object>
	<object>
		<name>kangaroo</name>
		<pose>Unspecified</pose>
		<truncated>0</truncated>
		<difficult>0</difficult>
		<bndbox>
			<xmin>138</xmin>
			<ymin>315</ymin>
			<xmax>519</xmax>
			<ymax>474</ymax>
		</bndbox>
	</object>
</annotation>
