<annotation>
	<folder>images</folder>
	<filename>kangaroo-134.jpg</filename>
	<path>/home/hugo/Documents/projects/tfjs/dataset/images/kangaroo-134.jpg</path>
	<source>
		<database>Unknown</database>
	</source>
	<size>
		<width>2400</width>
		<height>1350</height>
		<depth>3</depth>
	</size>
	<segmented>0</segmented>
	<object>
		<name>kangaroo</name>
		<pose>Unspecified</pose>
		<truncated>0</truncated>
		<difficult>0</difficult>
		<bndbox>
			<xmin>521</xmin>
			<ymin>345</ymin>
			<xmax>1432</xmax>
			<ymax>1022</ymax>
		</bndbox>
	</object>
</annotation>
