<annotation>
	<folder>images</folder>
	<filename>kangaroo-523.jpg</filename>
	<path>/home/hugo/Documents/projects/tfjs/dataset/images/kangaroo-523.jpg</path>
	<source>
		<database>Unknown</database>
	</source>
	<size>
		<width>1024</width>
		<height>771</height>
		<depth>3</depth>
	</size>
	<segmented>0</segmented>
	<object>
		<name>kangaroo</name>
		<pose>Unspecified</pose>
		<truncated>1</truncated>
		<difficult>0</difficult>
		<bndbox>
			<xmin>355</xmin>
			<ymin>62</ymin>
			<xmax>1024</xmax>
			<ymax>771</ymax>
		</bndbox>
	</object>
</annotation>
