<annotation>
	<folder>images</folder>
	<filename>kangaroo-3.jpg</filename>
	<path>/home/hugo/Documents/projects/tfjs/dataset/images/kangaroo-3.jpg</path>
	<source>
		<database>Unknown</database>
	</source>
	<size>
		<width>2000</width>
		<height>1308</height>
		<depth>3</depth>
	</size>
	<segmented>0</segmented>
	<object>
		<name>kangaroo</name>
		<pose>Unspecified</pose>
		<truncated>1</truncated>
		<difficult>0</difficult>
		<bndbox>
			<xmin>641</xmin>
			<ymin>86</ymin>
			<xmax>1703</xmax>
			<ymax>1308</ymax>
		</bndbox>
	</object>
</annotation>
