<annotation>
	<folder>images</folder>
	<filename>kangaroo-687.jpg</filename>
	<path>/home/hugo/Documents/projects/tfjs/dataset/images/kangaroo-687.jpg</path>
	<source>
		<database>Unknown</database>
	</source>
	<size>
		<width>1200</width>
		<height>900</height>
		<depth>3</depth>
	</size>
	<segmented>0</segmented>
	<object>
		<name>kangaroo</name>
		<pose>Unspecified</pose>
		<truncated>0</truncated>
		<difficult>0</difficult>
		<bndbox>
			<xmin>25</xmin>
			<ymin>453</ymin>
			<xmax>486</xmax>
			<ymax>714</ymax>
		</bndbox>
	</object>
	<object>
		<name>kangaroo</name>
		<pose>Unspecified</pose>
		<truncated>0</truncated>
		<difficult>0</difficult>
		<bndbox>
			<xmin>510</xmin>
			<ymin>399</ymin>
			<xmax>1150</xmax>
			<ymax>711</ymax>
		</bndbox>
	</object>
</annotation>
