<annotation>
	<folder>images</folder>
	<filename>kangaroo-380.jpg</filename>
	<path>/home/hugo/Documents/projects/tfjs/dataset/images/kangaroo-380.jpg</path>
	<source>
		<database>Unknown</database>
	</source>
	<size>
		<width>866</width>
		<height>1390</height>
		<depth>3</depth>
	</size>
	<segmented>0</segmented>
	<object>
		<name>kangaroo</name>
		<pose>Unspecified</pose>
		<truncated>0</truncated>
		<difficult>0</difficult>
		<bndbox>
			<xmin>193</xmin>
			<ymin>20</ymin>
			<xmax>767</xmax>
			<ymax>1195</ymax>
		</bndbox>
	</object>
</annotation>
