<annotation>
	<folder>images</folder>
	<filename>kangaroo-356.jpg</filename>
	<path>/home/hugo/Documents/projects/tfjs/dataset/images/kangaroo-356.jpg</path>
	<source>
		<database>Unknown</database>
	</source>
	<size>
		<width>1500</width>
		<height>1000</height>
		<depth>3</depth>
	</size>
	<segmented>0</segmented>
	<object>
		<name>kangaroo</name>
		<pose>Unspecified</pose>
		<truncated>0</truncated>
		<difficult>0</difficult>
		<bndbox>
			<xmin>194</xmin>
			<ymin>27</ymin>
			<xmax>1102</xmax>
			<ymax>969</ymax>
		</bndbox>
	</object>
</annotation>
