<annotation>
	<folder>images</folder>
	<filename>kangaroo-416.jpg</filename>
	<path>/home/hugo/Documents/projects/tfjs/dataset/images/kangaroo-416.jpg</path>
	<source>
		<database>Unknown</database>
	</source>
	<size>
		<width>1300</width>
		<height>624</height>
		<depth>3</depth>
	</size>
	<segmented>0</segmented>
	<object>
		<name>kangaroo</name>
		<pose>Unspecified</pose>
		<truncated>0</truncated>
		<difficult>0</difficult>
		<bndbox>
			<xmin>67</xmin>
			<ymin>150</ymin>
			<xmax>397</xmax>
			<ymax>401</ymax>
		</bndbox>
	</object>
	<object>
		<name>kangaroo</name>
		<pose>Unspecified</pose>
		<truncated>0</truncated>
		<difficult>0</difficult>
		<bndbox>
			<xmin>644</xmin>
			<ymin>310</ymin>
			<xmax>987</xmax>
			<ymax>575</ymax>
		</bndbox>
	</object>
</annotation>
