<annotation>
	<folder>images</folder>
	<filename>kangaroo-25.jpg</filename>
	<path>/home/hugo/Documents/projects/tfjs/dataset/images/kangaroo-25.jpg</path>
	<source>
		<database>Unknown</database>
	</source>
	<size>
		<width>1900</width>
		<height>1289</height>
		<depth>3</depth>
	</size>
	<segmented>0</segmented>
	<object>
		<name>kangaroo</name>
		<pose>Unspecified</pose>
		<truncated>0</truncated>
		<difficult>0</difficult>
		<bndbox>
			<xmin>1020</xmin>
			<ymin>831</ymin>
			<xmax>1225</xmax>
			<ymax>1114</ymax>
		</bndbox>
	</object>
	<object>
		<name>kangaroo</name>
		<pose>Unspecified</pose>
		<truncated>0</truncated>
		<difficult>0</difficult>
		<bndbox>
			<xmin>953</xmin>
			<ymin>669</ymin>
			<xmax>1622</xmax>
			<ymax>1114</ymax>
		</bndbox>
	</object>
	<object>
		<name>kangaroo</name>
		<pose>Unspecified</pose>
		<truncated>0</truncated>
		<difficult>0</difficult>
		<bndbox>
			<xmin>354</xmin>
			<ymin>335</ymin>
			<xmax>1006</xmax>
			<ymax>1176</ymax>
		</bndbox>
	</object>
	<object>
		<name>kangaroo</name>
		<pose>Unspecified</pose>
		<truncated>0</truncated>
		<difficult>0</difficult>
		<bndbox>
			<xmin>243</xmin>
			<ymin>958</ymin>
			<xmax>399</xmax>
			<ymax>1110</ymax>
		</bndbox>
	</object>
</annotation>
