<annotation>
	<folder>images</folder>
	<filename>kangaroo-602.jpg</filename>
	<path>/home/hugo/Documents/projects/tfjs/dataset/images/kangaroo-602.jpg</path>
	<source>
		<database>Unknown</database>
	</source>
	<size>
		<width>1600</width>
		<height>1689</height>
		<depth>3</depth>
	</size>
	<segmented>0</segmented>
	<object>
		<name>kangaroo</name>
		<pose>Unspecified</pose>
		<truncated>0</truncated>
		<difficult>0</difficult>
		<bndbox>
			<xmin>452</xmin>
			<ymin>365</ymin>
			<xmax>1453</xmax>
			<ymax>1242</ymax>
		</bndbox>
	</object>
</annotation>
