<annotation>
	<folder>images</folder>
	<filename>kangaroo-532.jpg</filename>
	<path>/home/hugo/Documents/projects/tfjs/dataset/images/kangaroo-532.jpg</path>
	<source>
		<database>Unknown</database>
	</source>
	<size>
		<width>1280</width>
		<height>960</height>
		<depth>3</depth>
	</size>
	<segmented>0</segmented>
	<object>
		<name>kangaroo</name>
		<pose>Unspecified</pose>
		<truncated>0</truncated>
		<difficult>0</difficult>
		<bndbox>
			<xmin>458</xmin>
			<ymin>278</ymin>
			<xmax>866</xmax>
			<ymax>857</ymax>
		</bndbox>
	</object>
</annotation>
