<annotation>
	<folder>images</folder>
	<filename>kangaroo-205.jpg</filename>
	<path>/home/hugo/Documents/projects/tfjs/dataset/images/kangaroo-205.jpg</path>
	<source>
		<database>Unknown</database>
	</source>
	<size>
		<width>1600</width>
		<height>900</height>
		<depth>3</depth>
	</size>
	<segmented>0</segmented>
	<object>
		<name>kangaroo</name>
		<pose>Unspecified</pose>
		<truncated>0</truncated>
		<difficult>0</difficult>
		<bndbox>
			<xmin>933</xmin>
			<ymin>289</ymin>
			<xmax>1148</xmax>
			<ymax>893</ymax>
		</bndbox>
	</object>
	<object>
		<name>kangaroo</name>
		<pose>Unspecified</pose>
		<truncated>0</truncated>
		<difficult>0</difficult>
		<bndbox>
			<xmin>1119</xmin>
			<ymin>190</ymin>
			<xmax>1294</xmax>
			<ymax>708</ymax>
		</bndbox>
	</object>
	<object>
		<name>kangaroo</name>
		<pose>Unspecified</pose>
		<truncated>0</truncated>
		<difficult>0</difficult>
		<bndbox>
			<xmin>716</xmin>
			<ymin>324</ymin>
			<xmax>973</xmax>
			<ymax>625</ymax>
		</bndbox>
	</object>
</annotation>
