<annotation>
	<folder>images</folder>
	<filename>kangaroo-97.jpg</filename>
	<path>/home/hugo/Documents/projects/tfjs/dataset/images/kangaroo-97.jpg</path>
	<source>
		<database>Unknown</database>
	</source>
	<size>
		<width>1100</width>
		<height>825</height>
		<depth>3</depth>
	</size>
	<segmented>0</segmented>
	<object>
		<name>kangaroo</name>
		<pose>Unspecified</pose>
		<truncated>1</truncated>
		<difficult>0</difficult>
		<bndbox>
			<xmin>382</xmin>
			<ymin>313</ymin>
			<xmax>1100</xmax>
			<ymax>825</ymax>
		</bndbox>
	</object>
</annotation>
