<annotation>
	<folder>images</folder>
	<filename>kangaroo-286.jpg</filename>
	<path>/home/hugo/Documents/projects/tfjs/dataset/images/kangaroo-286.jpg</path>
	<source>
		<database>Unknown</database>
	</source>
	<size>
		<width>257</width>
		<height>196</height>
		<depth>3</depth>
	</size>
	<segmented>0</segmented>
	<object>
		<name>kangaroo</name>
		<pose>Unspecified</pose>
		<truncated>1</truncated>
		<difficult>0</difficult>
		<bndbox>
			<xmin>24</xmin>
			<ymin>3</ymin>
			<xmax>140</xmax>
			<ymax>196</ymax>
		</bndbox>
	</object>
	<object>
		<name>kangaroo</name>
		<pose>Unspecified</pose>
		<truncated>0</truncated>
		<difficult>0</difficult>
		<bndbox>
			<xmin>139</xmin>
			<ymin>4</ymin>
			<xmax>231</xmax>
			<ymax>185</ymax>
		</bndbox>
	</object>
</annotation>
