<annotation>
	<folder>images</folder>
	<filename>kangaroo-177.jpg</filename>
	<path>/home/hugo/Documents/projects/tfjs/dataset/images/kangaroo-177.jpg</path>
	<source>
		<database>Unknown</database>
	</source>
	<size>
		<width>2560</width>
		<height>1246</height>
		<depth>3</depth>
	</size>
	<segmented>0</segmented>
	<object>
		<name>kangaroo</name>
		<pose>Unspecified</pose>
		<truncated>1</truncated>
		<difficult>0</difficult>
		<bndbox>
			<xmin>936</xmin>
			<ymin>568</ymin>
			<xmax>1692</xmax>
			<ymax>1246</ymax>
		</bndbox>
	</object>
	<object>
		<name>kangaroo</name>
		<pose>Unspecified</pose>
		<truncated>0</truncated>
		<difficult>0</difficult>
		<bndbox>
			<xmin>1220</xmin>
			<ymin>11</ymin>
			<xmax>1660</xmax>
			<ymax>654</ymax>
		</bndbox>
	</object>
</annotation>
