<annotation>
	<folder>images</folder>
	<filename>kangaroo-320.jpg</filename>
	<path>/home/hugo/Documents/projects/tfjs/dataset/images/kangaroo-320.jpg</path>
	<source>
		<database>Unknown</database>
	</source>
	<size>
		<width>1200</width>
		<height>773</height>
		<depth>3</depth>
	</size>
	<segmented>0</segmented>
	<object>
		<name>kangaroo</name>
		<pose>Unspecified</pose>
		<truncated>0</truncated>
		<difficult>0</difficult>
		<bndbox>
			<xmin>425</xmin>
			<ymin>270</ymin>
			<xmax>1158</xmax>
			<ymax>682</ymax>
		</bndbox>
	</object>
</annotation>
