<annotation>
	<folder>images</folder>
	<filename>kangaroo-247.jpg</filename>
	<path>/home/hugo/Documents/projects/tfjs/dataset/images/kangaroo-247.jpg</path>
	<source>
		<database>Unknown</database>
	</source>
	<size>
		<width>1200</width>
		<height>1320</height>
		<depth>3</depth>
	</size>
	<segmented>0</segmented>
	<object>
		<name>kangaroo</name>
		<pose>Unspecified</pose>
		<truncated>0</truncated>
		<difficult>0</difficult>
		<bndbox>
			<xmin>60</xmin>
			<ymin>80</ymin>
			<xmax>1083</xmax>
			<ymax>1207</ymax>
		</bndbox>
	</object>
</annotation>
