<annotation>
	<folder>images</folder>
	<filename>kangaroo-129.jpg</filename>
	<path>/home/hugo/Documents/projects/tfjs/dataset/images/kangaroo-129.jpg</path>
	<source>
		<database>Unknown</database>
	</source>
	<size>
		<width>960</width>
		<height>540</height>
		<depth>3</depth>
	</size>
	<segmented>0</segmented>
	<object>
		<name>kangaroo</name>
		<pose>Unspecified</pose>
		<truncated>1</truncated>
		<difficult>0</difficult>
		<bndbox>
			<xmin>410</xmin>
			<ymin>79</ymin>
			<xmax>581</xmax>
			<ymax>540</ymax>
		</bndbox>
	</object>
</annotation>
