<annotation>
	<folder>images</folder>
	<filename>kangaroo-625.jpg</filename>
	<path>/home/hugo/Documents/projects/tfjs/dataset/images/kangaroo-625.jpg</path>
	<source>
		<database>Unknown</database>
	</source>
	<size>
		<width>2048</width>
		<height>1360</height>
		<depth>3</depth>
	</size>
	<segmented>0</segmented>
	<object>
		<name>kangaroo</name>
		<pose>Unspecified</pose>
		<truncated>0</truncated>
		<difficult>0</difficult>
		<bndbox>
			<xmin>295</xmin>
			<ymin>376</ymin>
			<xmax>906</xmax>
			<ymax>1180</ymax>
		</bndbox>
	</object>
	<object>
		<name>kangaroo</name>
		<pose>Unspecified</pose>
		<truncated>0</truncated>
		<difficult>0</difficult>
		<bndbox>
			<xmin>1125</xmin>
			<ymin>229</ymin>
			<xmax>1706</xmax>
			<ymax>538</ymax>
		</bndbox>
	</object>
</annotation>
