<annotation>
	<folder>images</folder>
	<filename>kangaroo-499.jpg</filename>
	<path>/home/hugo/Documents/projects/tfjs/dataset/images/kangaroo-499.jpg</path>
	<source>
		<database>Unknown</database>
	</source>
	<size>
		<width>1280</width>
		<height>720</height>
		<depth>3</depth>
	</size>
	<segmented>0</segmented>
	<object>
		<name>kangaroo</name>
		<pose>Unspecified</pose>
		<truncated>1</truncated>
		<difficult>0</difficult>
		<bndbox>
			<xmin>683</xmin>
			<ymin>42</ymin>
			<xmax>1014</xmax>
			<ymax>720</ymax>
		</bndbox>
	</object>
	<object>
		<name>kangaroo</name>
		<pose>Unspecified</pose>
		<truncated>0</truncated>
		<difficult>0</difficult>
		<bndbox>
			<xmin>1004</xmin>
			<ymin>467</ymin>
			<xmax>1183</xmax>
			<ymax>622</ymax>
		</bndbox>
	</object>
</annotation>
