<annotation>
	<folder>images</folder>
	<filename>kangaroo-628.jpg</filename>
	<path>/home/hugo/Documents/projects/tfjs/dataset/images/kangaroo-628.jpg</path>
	<source>
		<database>Unknown</database>
	</source>
	<size>
		<width>995</width>
		<height>1200</height>
		<depth>3</depth>
	</size>
	<segmented>0</segmented>
	<object>
		<name>kangaroo</name>
		<pose>Unspecified</pose>
		<truncated>0</truncated>
		<difficult>0</difficult>
		<bndbox>
			<xmin>189</xmin>
			<ymin>16</ymin>
			<xmax>720</xmax>
			<ymax>1181</ymax>
		</bndbox>
	</object>
</annotation>
