<annotation>
	<folder>images</folder>
	<filename>kangaroo-633.jpg</filename>
	<path>/home/hugo/Documents/projects/tfjs/dataset/images/kangaroo-633.jpg</path>
	<source>
		<database>Unknown</database>
	</source>
	<size>
		<width>1024</width>
		<height>683</height>
		<depth>3</depth>
	</size>
	<segmented>0</segmented>
	<object>
		<name>kangaroo</name>
		<pose>Unspecified</pose>
		<truncated>0</truncated>
		<difficult>0</difficult>
		<bndbox>
			<xmin>261</xmin>
			<ymin>98</ymin>
			<xmax>815</xmax>
			<ymax>630</ymax>
		</bndbox>
	</object>
</annotation>
