<annotation>
	<folder>images</folder>
	<filename>kangaroo-180.jpg</filename>
	<path>/home/hugo/Documents/projects/tfjs/dataset/images/kangaroo-180.jpg</path>
	<source>
		<database>Unknown</database>
	</source>
	<size>
		<width>289</width>
		<height>174</height>
		<depth>3</depth>
	</size>
	<segmented>0</segmented>
	<object>
		<name>kangaroo</name>
		<pose>Unspecified</pose>
		<truncated>0</truncated>
		<difficult>0</difficult>
		<bndbox>
			<xmin>8</xmin>
			<ymin>45</ymin>
			<xmax>207</xmax>
			<ymax>160</ymax>
		</bndbox>
	</object>
</annotation>
