<annotation>
	<folder>images</folder>
	<filename>kangaroo-88.jpg</filename>
	<path>/home/hugo/Documents/projects/tfjs/dataset/images/kangaroo-88.jpg</path>
	<source>
		<database>Unknown</database>
	</source>
	<size>
		<width>1800</width>
		<height>1012</height>
		<depth>3</depth>
	</size>
	<segmented>0</segmented>
	<object>
		<name>kangaroo</name>
		<pose>Unspecified</pose>
		<truncated>0</truncated>
		<difficult>0</difficult>
		<bndbox>
			<xmin>427</xmin>
			<ymin>6</ymin>
			<xmax>1326</xmax>
			<ymax>1002</ymax>
		</bndbox>
	</object>
</annotation>
