<annotation>
	<folder>images</folder>
	<filename>kangaroo-642.jpg</filename>
	<path>/home/hugo/Documents/projects/tfjs/dataset/images/kangaroo-642.jpg</path>
	<source>
		<database>Unknown</database>
	</source>
	<size>
		<width>862</width>
		<height>1149</height>
		<depth>3</depth>
	</size>
	<segmented>0</segmented>
	<object>
		<name>kangaroo</name>
		<pose>Unspecified</pose>
		<truncated>0</truncated>
		<difficult>0</difficult>
		<bndbox>
			<xmin>237</xmin>
			<ymin>277</ymin>
			<xmax>612</xmax>
			<ymax>982</ymax>
		</bndbox>
	</object>
	<object>
		<name>kangaroo</name>
		<pose>Unspecified</pose>
		<truncated>0</truncated>
		<difficult>0</difficult>
		<bndbox>
			<xmin>158</xmin>
			<ymin>874</ymin>
			<xmax>320</xmax>
			<ymax>977</ymax>
		</bndbox>
	</object>
</annotation>
