<annotation>
	<folder>images</folder>
	<filename>kangaroo-668.jpg</filename>
	<path>/home/hugo/Documents/projects/tfjs/dataset/images/kangaroo-668.jpg</path>
	<source>
		<database>Unknown</database>
	</source>
	<size>
		<width>1200</width>
		<height>630</height>
		<depth>3</depth>
	</size>
	<segmented>0</segmented>
	<object>
		<name>kangaroo</name>
		<pose>Unspecified</pose>
		<truncated>0</truncated>
		<difficult>0</difficult>
		<bndbox>
			<xmin>399</xmin>
			<ymin>2</ymin>
			<xmax>846</xmax>
			<ymax>615</ymax>
		</bndbox>
	</object>
	<object>
		<name>kangaroo</name>
		<pose>Unspecified</pose>
		<truncated>1</truncated>
		<difficult>0</difficult>
		<bndbox>
			<xmin>1</xmin>
			<ymin>303</ymin>
			<xmax>409</xmax>
			<ymax>630</ymax>
		</bndbox>
	</object>
</annotation>
