<annotation>
	<folder>images</folder>
	<filename>kangaroo-383.jpg</filename>
	<path>/home/hugo/Documents/projects/tfjs/dataset/images/kangaroo-383.jpg</path>
	<source>
		<database>Unknown</database>
	</source>
	<size>
		<width>2500</width>
		<height>1406</height>
		<depth>3</depth>
	</size>
	<segmented>0</segmented>
	<object>
		<name>kangaroo</name>
		<pose>Unspecified</pose>
		<truncated>0</truncated>
		<difficult>0</difficult>
		<bndbox>
			<xmin>637</xmin>
			<ymin>39</ymin>
			<xmax>1787</xmax>
			<ymax>1374</ymax>
		</bndbox>
	</object>
</annotation>
