<annotation>
	<folder>images</folder>
	<filename>kangaroo-10.jpg</filename>
	<path>/home/hugo/Documents/projects/tfjs/dataset/images/kangaroo-10.jpg</path>
	<source>
		<database>Unknown</database>
	</source>
	<size>
		<width>1024</width>
		<height>576</height>
		<depth>3</depth>
	</size>
	<segmented>0</segmented>
	<object>
		<name>kangaroo</name>
		<pose>Unspecified</pose>
		<truncated>1</truncated>
		<difficult>0</difficult>
		<bndbox>
			<xmin>236</xmin>
			<ymin>6</ymin>
			<xmax>883</xmax>
			<ymax>576</ymax>
		</bndbox>
	</object>
</annotation>
