<annotation>
	<folder>images</folder>
	<filename>kangaroo-270.jpg</filename>
	<path>/home/hugo/Documents/projects/tfjs/dataset/images/kangaroo-270.jpg</path>
	<source>
		<database>Unknown</database>
	</source>
	<size>
		<width>275</width>
		<height>183</height>
		<depth>3</depth>
	</size>
	<segmented>0</segmented>
	<object>
		<name>kangaroo</name>
		<pose>Unspecified</pose>
		<truncated>0</truncated>
		<difficult>0</difficult>
		<bndbox>
			<xmin>17</xmin>
			<ymin>35</ymin>
			<xmax>227</xmax>
			<ymax>133</ymax>
		</bndbox>
	</object>
</annotation>
