<annotation>
	<folder>images</folder>
	<filename>kangaroo-201.jpg</filename>
	<path>/home/hugo/Documents/projects/tfjs/dataset/images/kangaroo-201.jpg</path>
	<source>
		<database>Unknown</database>
	</source>
	<size>
		<width>259</width>
		<height>194</height>
		<depth>3</depth>
	</size>
	<segmented>0</segmented>
	<object>
		<name>kangaroo</name>
		<pose>Unspecified</pose>
		<truncated>1</truncated>
		<difficult>0</difficult>
		<bndbox>
			<xmin>141</xmin>
			<ymin>72</ymin>
			<xmax>259</xmax>
			<ymax>194</ymax>
		</bndbox>
	</object>
</annotation>
