<annotation>
	<folder>images</folder>
	<filename>kangaroo-695.jpg</filename>
	<path>/home/hugo/Documents/projects/tfjs/dataset/images/kangaroo-695.jpg</path>
	<source>
		<database>Unknown</database>
	</source>
	<size>
		<width>765</width>
		<height>1020</height>
		<depth>3</depth>
	</size>
	<segmented>0</segmented>
	<object>
		<name>kangaroo</name>
		<pose>Unspecified</pose>
		<truncated>1</truncated>
		<difficult>0</difficult>
		<bndbox>
			<xmin>141</xmin>
			<ymin>226</ymin>
			<xmax>547</xmax>
			<ymax>1020</ymax>
		</bndbox>
	</object>
</annotation>
