<annotation>
	<folder>images</folder>
	<filename>kangaroo-608.jpg</filename>
	<path>/home/hugo/Documents/projects/tfjs/dataset/images/kangaroo-608.jpg</path>
	<source>
		<database>Unknown</database>
	</source>
	<size>
		<width>300</width>
		<height>168</height>
		<depth>3</depth>
	</size>
	<segmented>0</segmented>
	<object>
		<name>kangaroo</name>
		<pose>Unspecified</pose>
		<truncated>0</truncated>
		<difficult>0</difficult>
		<bndbox>
			<xmin>85</xmin>
			<ymin>23</ymin>
			<xmax>283</xmax>
			<ymax>133</ymax>
		</bndbox>
	</object>
</annotation>
