<annotation>
	<folder>images</folder>
	<filename>kangaroo-18.jpg</filename>
	<path>/home/hugo/Documents/projects/tfjs/dataset/images/kangaroo-18.jpg</path>
	<source>
		<database>Unknown</database>
	</source>
	<size>
		<width>862</width>
		<height>1149</height>
		<depth>3</depth>
	</size>
	<segmented>0</segmented>
	<object>
		<name>kangaroo</name>
		<pose>Unspecified</pose>
		<truncated>1</truncated>
		<difficult>0</difficult>
		<bndbox>
			<xmin>7</xmin>
			<ymin>145</ymin>
			<xmax>862</xmax>
			<ymax>884</ymax>
		</bndbox>
	</object>
</annotation>
