<annotation>
	<folder>images</folder>
	<filename>kangaroo-164.jpg</filename>
	<path>/home/hugo/Documents/projects/tfjs/dataset/images/kangaroo-164.jpg</path>
	<source>
		<database>Unknown</database>
	</source>
	<size>
		<width>1046</width>
		<height>698</height>
		<depth>3</depth>
	</size>
	<segmented>0</segmented>
	<object>
		<name>kangaroo</name>
		<pose>Unspecified</pose>
		<truncated>0</truncated>
		<difficult>0</difficult>
		<bndbox>
			<xmin>355</xmin>
			<ymin>56</ymin>
			<xmax>798</xmax>
			<ymax>659</ymax>
		</bndbox>
	</object>
</annotation>
