<annotation>
	<folder>images</folder>
	<filename>kangaroo-79.jpg</filename>
	<path>/home/hugo/Documents/projects/tfjs/dataset/images/kangaroo-79.jpg</path>
	<source>
		<database>Unknown</database>
	</source>
	<size>
		<width>1200</width>
		<height>881</height>
		<depth>3</depth>
	</size>
	<segmented>0</segmented>
	<object>
		<name>kangaroo</name>
		<pose>Unspecified</pose>
		<truncated>1</truncated>
		<difficult>0</difficult>
		<bndbox>
			<xmin>1</xmin>
			<ymin>36</ymin>
			<xmax>636</xmax>
			<ymax>848</ymax>
		</bndbox>
	</object>
	<object>
		<name>kangaroo</name>
		<pose>Unspecified</pose>
		<truncated>0</truncated>
		<difficult>0</difficult>
		<bndbox>
			<xmin>562</xmin>
			<ymin>365</ymin>
			<xmax>1051</xmax>
			<ymax>793</ymax>
		</bndbox>
	</object>
</annotation>
