<annotation>
	<folder>images</folder>
	<filename>kangaroo-375.jpg</filename>
	<path>/home/hugo/Documents/projects/tfjs/dataset/images/kangaroo-375.jpg</path>
	<source>
		<database>Unknown</database>
	</source>
	<size>
		<width>1200</width>
		<height>900</height>
		<depth>3</depth>
	</size>
	<segmented>0</segmented>
	<object>
		<name>kangaroo</name>
		<pose>Unspecified</pose>
		<truncated>0</truncated>
		<difficult>0</difficult>
		<bndbox>
			<xmin>53</xmin>
			<ymin>241</ymin>
			<xmax>498</xmax>
			<ymax>766</ymax>
		</bndbox>
	</object>
	<object>
		<name>kangaroo</name>
		<pose>Unspecified</pose>
		<truncated>0</truncated>
		<difficult>0</difficult>
		<bndbox>
			<xmin>319</xmin>
			<ymin>136</ymin>
			<xmax>608</xmax>
			<ymax>386</ymax>
		</bndbox>
	</object>
</annotation>
