<annotation>
	<folder>images</folder>
	<filename>kangaroo-254.jpg</filename>
	<path>/home/hugo/Documents/projects/tfjs/dataset/images/kangaroo-254.jpg</path>
	<source>
		<database>Unknown</database>
	</source>
	<size>
		<width>2000</width>
		<height>1125</height>
		<depth>3</depth>
	</size>
	<segmented>0</segmented>
	<object>
		<name>kangaroo</name>
		<pose>Unspecified</pose>
		<truncated>1</truncated>
		<difficult>0</difficult>
		<bndbox>
			<xmin>1</xmin>
			<ymin>82</ymin>
			<xmax>1222</xmax>
			<ymax>1125</ymax>
		</bndbox>
	</object>
</annotation>
