<annotation>
	<folder>images</folder>
	<filename>kangaroo-75.jpg</filename>
	<path>/home/hugo/Documents/projects/tfjs/dataset/images/kangaroo-75.jpg</path>
	<source>
		<database>Unknown</database>
	</source>
	<size>
		<width>1868</width>
		<height>1868</height>
		<depth>3</depth>
	</size>
	<segmented>0</segmented>
	<object>
		<name>kangaroo</name>
		<pose>Unspecified</pose>
		<truncated>1</truncated>
		<difficult>0</difficult>
		<bndbox>
			<xmin>243</xmin>
			<ymin>75</ymin>
			<xmax>1727</xmax>
			<ymax>1868</ymax>
		</bndbox>
	</object>
</annotation>
