<annotation>
	<folder>images</folder>
	<filename>kangaroo-255.jpg</filename>
	<path>/home/hugo/Documents/projects/tfjs/dataset/images/kangaroo-255.jpg</path>
	<source>
		<database>Unknown</database>
	</source>
	<size>
		<width>1028</width>
		<height>527</height>
		<depth>3</depth>
	</size>
	<segmented>0</segmented>
	<object>
		<name>kangaroo</name>
		<pose>Unspecified</pose>
		<truncated>1</truncated>
		<difficult>0</difficult>
		<bndbox>
			<xmin>336</xmin>
			<ymin>20</ymin>
			<xmax>755</xmax>
			<ymax>527</ymax>
		</bndbox>
	</object>
</annotation>
