<annotation>
	<folder>images</folder>
	<filename>kangaroo-69.jpg</filename>
	<path>/home/hugo/Documents/projects/tfjs/dataset/images/kangaroo-69.jpg</path>
	<source>
		<database>Unknown</database>
	</source>
	<size>
		<width>1024</width>
		<height>576</height>
		<depth>3</depth>
	</size>
	<segmented>0</segmented>
	<object>
		<name>kangaroo</name>
		<pose>Unspecified</pose>
		<truncated>0</truncated>
		<difficult>0</difficult>
		<bndbox>
			<xmin>275</xmin>
			<ymin>313</ymin>
			<xmax>523</xmax>
			<ymax>487</ymax>
		</bndbox>
	</object>
	<object>
		<name>kangaroo</name>
		<pose>Unspecified</pose>
		<truncated>0</truncated>
		<difficult>0</difficult>
		<bndbox>
			<xmin>67</xmin>
			<ymin>113</ymin>
			<xmax>153</xmax>
			<ymax>168</ymax>
		</bndbox>
	</object>
</annotation>
