<annotation>
	<folder>images</folder>
	<filename>kangaroo-572.jpg</filename>
	<path>/home/hugo/Documents/projects/tfjs/dataset/images/kangaroo-572.jpg</path>
	<source>
		<database>Unknown</database>
	</source>
	<size>
		<width>940</width>
		<height>529</height>
		<depth>3</depth>
	</size>
	<segmented>0</segmented>
	<object>
		<name>kangaroo</name>
		<pose>Unspecified</pose>
		<truncated>0</truncated>
		<difficult>0</difficult>
		<bndbox>
			<xmin>122</xmin>
			<ymin>70</ymin>
			<xmax>360</xmax>
			<ymax>241</ymax>
		</bndbox>
	</object>
</annotation>
