<annotation>
	<folder>images</folder>
	<filename>kangaroo-372.jpg</filename>
	<path>/home/hugo/Documents/projects/tfjs/dataset/images/kangaroo-372.jpg</path>
	<source>
		<database>Unknown</database>
	</source>
	<size>
		<width>862</width>
		<height>575</height>
		<depth>3</depth>
	</size>
	<segmented>0</segmented>
	<object>
		<name>kangaroo</name>
		<pose>Unspecified</pose>
		<truncated>0</truncated>
		<difficult>0</difficult>
		<bndbox>
			<xmin>145</xmin>
			<ymin>258</ymin>
			<xmax>392</xmax>
			<ymax>438</ymax>
		</bndbox>
	</object>
	<object>
		<name>kangaroo</name>
		<pose>Unspecified</pose>
		<truncated>0</truncated>
		<difficult>0</difficult>
		<bndbox>
			<xmin>403</xmin>
			<ymin>293</ymin>
			<xmax>606</xmax>
			<ymax>445</ymax>
		</bndbox>
	</object>
	<object>
		<name>kangaroo</name>
		<pose>Unspecified</pose>
		<truncated>0</truncated>
		<difficult>0</difficult>
		<bndbox>
			<xmin>527</xmin>
			<ymin>246</ymin>
			<xmax>786</xmax>
			<ymax>425</ymax>
		</bndbox>
	</object>
</annotation>
