<annotation>
	<folder>images</folder>
	<filename>kangaroo-19.jpg</filename>
	<path>/home/hugo/Documents/projects/tfjs/dataset/images/kangaroo-19.jpg</path>
	<source>
		<database>Unknown</database>
	</source>
	<size>
		<width>1200</width>
		<height>793</height>
		<depth>3</depth>
	</size>
	<segmented>0</segmented>
	<object>
		<name>kangaroo</name>
		<pose>Unspecified</pose>
		<truncated>0</truncated>
		<difficult>0</difficult>
		<bndbox>
			<xmin>34</xmin>
			<ymin>56</ymin>
			<xmax>1026</xmax>
			<ymax>708</ymax>
		</bndbox>
	</object>
</annotation>
