<annotation>
	<folder>images</folder>
	<filename>kangaroo-390.jpg</filename>
	<path>/home/hugo/Documents/projects/tfjs/dataset/images/kangaroo-390.jpg</path>
	<source>
		<database>Unknown</database>
	</source>
	<size>
		<width>2048</width>
		<height>1365</height>
		<depth>3</depth>
	</size>
	<segmented>0</segmented>
	<object>
		<name>kangaroo</name>
		<pose>Unspecified</pose>
		<truncated>0</truncated>
		<difficult>0</difficult>
		<bndbox>
			<xmin>177</xmin>
			<ymin>726</ymin>
			<xmax>1200</xmax>
			<ymax>1277</ymax>
		</bndbox>
	</object>
</annotation>
