<annotation>
	<folder>images</folder>
	<filename>kangaroo-51.jpg</filename>
	<path>/home/hugo/Documents/projects/tfjs/dataset/images/kangaroo-51.jpg</path>
	<source>
		<database>Unknown</database>
	</source>
	<size>
		<width>976</width>
		<height>549</height>
		<depth>3</depth>
	</size>
	<segmented>0</segmented>
	<object>
		<name>kangaroo</name>
		<pose>Unspecified</pose>
		<truncated>0</truncated>
		<difficult>0</difficult>
		<bndbox>
			<xmin>82</xmin>
			<ymin>69</ymin>
			<xmax>789</xmax>
			<ymax>474</ymax>
		</bndbox>
	</object>
</annotation>
