<annotation>
	<folder>images</folder>
	<filename>kangaroo-485.jpg</filename>
	<path>/home/hugo/Documents/projects/tfjs/dataset/images/kangaroo-485.jpg</path>
	<source>
		<database>Unknown</database>
	</source>
	<size>
		<width>1024</width>
		<height>680</height>
		<depth>3</depth>
	</size>
	<segmented>0</segmented>
	<object>
		<name>kangaroo</name>
		<pose>Unspecified</pose>
		<truncated>0</truncated>
		<difficult>0</difficult>
		<bndbox>
			<xmin>367</xmin>
			<ymin>347</ymin>
			<xmax>564</xmax>
			<ymax>545</ymax>
		</bndbox>
	</object>
	<object>
		<name>kangaroo</name>
		<pose>Unspecified</pose>
		<truncated>0</truncated>
		<difficult>0</difficult>
		<bndbox>
			<xmin>183</xmin>
			<ymin>257</ymin>
			<xmax>410</xmax>
			<ymax>463</ymax>
		</bndbox>
	</object>
</annotation>
