<annotation>
	<folder>images</folder>
	<filename>kangaroo-302.jpg</filename>
	<path>/home/hugo/Documents/projects/tfjs/dataset/images/kangaroo-302.jpg</path>
	<source>
		<database>Unknown</database>
	</source>
	<size>
		<width>1100</width>
		<height>735</height>
		<depth>3</depth>
	</size>
	<segmented>0</segmented>
	<object>
		<name>kangaroo</name>
		<pose>Unspecified</pose>
		<truncated>1</truncated>
		<difficult>0</difficult>
		<bndbox>
			<xmin>398</xmin>
			<ymin>49</ymin>
			<xmax>903</xmax>
			<ymax>735</ymax>
		</bndbox>
	</object>
</annotation>
