<annotation>
	<folder>images</folder>
	<filename>kangaroo-693.jpg</filename>
	<path>/home/hugo/Documents/projects/tfjs/dataset/images/kangaroo-693.jpg</path>
	<source>
		<database>Unknown</database>
	</source>
	<size>
		<width>1024</width>
		<height>678</height>
		<depth>3</depth>
	</size>
	<segmented>0</segmented>
	<object>
		<name>kangaroo</name>
		<pose>Unspecified</pose>
		<truncated>0</truncated>
		<difficult>0</difficult>
		<bndbox>
			<xmin>468</xmin>
			<ymin>163</ymin>
			<xmax>965</xmax>
			<ymax>503</ymax>
		</bndbox>
	</object>
</annotation>
