<annotation>
	<folder>images</folder>
	<filename>kangaroo-84.jpg</filename>
	<path>/home/hugo/Documents/projects/tfjs/dataset/images/kangaroo-84.jpg</path>
	<source>
		<database>Unknown</database>
	</source>
	<size>
		<width>1200</width>
		<height>900</height>
		<depth>3</depth>
	</size>
	<segmented>0</segmented>
	<object>
		<name>kangaroo</name>
		<pose>Unspecified</pose>
		<truncated>0</truncated>
		<difficult>0</difficult>
		<bndbox>
			<xmin>14</xmin>
			<ymin>97</ymin>
			<xmax>427</xmax>
			<ymax>832</ymax>
		</bndbox>
	</object>
</annotation>
