<annotation>
	<folder>images</folder>
	<filename>kangaroo-336.jpg</filename>
	<path>/home/hugo/Documents/projects/tfjs/dataset/images/kangaroo-336.jpg</path>
	<source>
		<database>Unknown</database>
	</source>
	<size>
		<width>1024</width>
		<height>576</height>
		<depth>3</depth>
	</size>
	<segmented>0</segmented>
	<object>
		<name>kangaroo</name>
		<pose>Unspecified</pose>
		<truncated>0</truncated>
		<difficult>0</difficult>
		<bndbox>
			<xmin>128</xmin>
			<ymin>194</ymin>
			<xmax>513</xmax>
			<ymax>550</ymax>
		</bndbox>
	</object>
	<object>
		<name>kangaroo</name>
		<pose>Unspecified</pose>
		<truncated>1</truncated>
		<difficult>0</difficult>
		<bndbox>
			<xmin>459</xmin>
			<ymin>1</ymin>
			<xmax>759</xmax>
			<ymax>252</ymax>
		</bndbox>
	</object>
</annotation>
