<annotation>
	<folder>images</folder>
	<filename>kangaroo-269.jpg</filename>
	<path>/home/hugo/Documents/projects/tfjs/dataset/images/kangaroo-269.jpg</path>
	<source>
		<database>Unknown</database>
	</source>
	<size>
		<width>828</width>
		<height>591</height>
		<depth>3</depth>
	</size>
	<segmented>0</segmented>
	<object>
		<name>kangaroo</name>
		<pose>Unspecified</pose>
		<truncated>0</truncated>
		<difficult>0</difficult>
		<bndbox>
			<xmin>605</xmin>
			<ymin>307</ymin>
			<xmax>808</xmax>
			<ymax>454</ymax>
		</bndbox>
	</object>
	<object>
		<name>kangaroo</name>
		<pose>Unspecified</pose>
		<truncated>0</truncated>
		<difficult>0</difficult>
		<bndbox>
			<xmin>416</xmin>
			<ymin>234</ymin>
			<xmax>582</xmax>
			<ymax>550</ymax>
		</bndbox>
	</object>
	<object>
		<name>kangaroo</name>
		<pose>Unspecified</pose>
		<truncated>0</truncated>
		<difficult>0</difficult>
		<bndbox>
			<xmin>256</xmin>
			<ymin>151</ymin>
			<xmax>392</xmax>
			<ymax>430</ymax>
		</bndbox>
	</object>
	<object>
		<name>kangaroo</name>
		<pose>Unspecified</pose>
		<truncated>0</truncated>
		<difficult>0</difficult>
		<bndbox>
			<xmin>182</xmin>
			<ymin>265</ymin>
			<xmax>270</xmax>
			<ymax>485</ymax>
		</bndbox>
	</object>
</annotation>
