<annotation>
	<folder>images</folder>
	<filename>kangaroo-203.jpg</filename>
	<path>/home/hugo/Documents/projects/tfjs/dataset/images/kangaroo-203.jpg</path>
	<source>
		<database>Unknown</database>
	</source>
	<size>
		<width>1125</width>
		<height>1500</height>
		<depth>3</depth>
	</size>
	<segmented>0</segmented>
	<object>
		<name>kangaroo</name>
		<pose>Unspecified</pose>
		<truncated>1</truncated>
		<difficult>0</difficult>
		<bndbox>
			<xmin>258</xmin>
			<ymin>533</ymin>
			<xmax>741</xmax>
			<ymax>1500</ymax>
		</bndbox>
	</object>
</annotation>
