<annotation>
	<folder>images</folder>
	<filename>kangaroo-510.jpg</filename>
	<path>/home/hugo/Documents/projects/tfjs/dataset/images/kangaroo-510.jpg</path>
	<source>
		<database>Unknown</database>
	</source>
	<size>
		<width>1280</width>
		<height>720</height>
		<depth>3</depth>
	</size>
	<segmented>0</segmented>
	<object>
		<name>kangaroo</name>
		<pose>Unspecified</pose>
		<truncated>0</truncated>
		<difficult>0</difficult>
		<bndbox>
			<xmin>306</xmin>
			<ymin>102</ymin>
			<xmax>655</xmax>
			<ymax>695</ymax>
		</bndbox>
	</object>
	<object>
		<name>kangaroo</name>
		<pose>Unspecified</pose>
		<truncated>0</truncated>
		<difficult>0</difficult>
		<bndbox>
			<xmin>614</xmin>
			<ymin>42</ymin>
			<xmax>786</xmax>
			<ymax>687</ymax>
		</bndbox>
	</object>
</annotation>
