<annotation>
	<folder>images</folder>
	<filename>kangaroo-216.jpg</filename>
	<path>/home/hugo/Documents/projects/tfjs/dataset/images/kangaroo-216.jpg</path>
	<source>
		<database>Unknown</database>
	</source>
	<size>
		<width>299</width>
		<height>168</height>
		<depth>3</depth>
	</size>
	<segmented>0</segmented>
	<object>
		<name>kangaroo</name>
		<pose>Unspecified</pose>
		<truncated>0</truncated>
		<difficult>0</difficult>
		<bndbox>
			<xmin>148</xmin>
			<ymin>79</ymin>
			<xmax>247</xmax>
			<ymax>136</ymax>
		</bndbox>
	</object>
</annotation>
