<annotation>
	<folder>images</folder>
	<filename>kangaroo-109.jpg</filename>
	<path>/home/hugo/Documents/projects/tfjs/dataset/images/kangaroo-109.jpg</path>
	<source>
		<database>Unknown</database>
	</source>
	<size>
		<width>3500</width>
		<height>2033</height>
		<depth>3</depth>
	</size>
	<segmented>0</segmented>
	<object>
		<name>kangaroo</name>
		<pose>Unspecified</pose>
		<truncated>0</truncated>
		<difficult>0</difficult>
		<bndbox>
			<xmin>23</xmin>
			<ymin>690</ymin>
			<xmax>1931</xmax>
			<ymax>1759</ymax>
		</bndbox>
	</object>
	<object>
		<name>kangaroo</name>
		<pose>Unspecified</pose>
		<truncated>0</truncated>
		<difficult>0</difficult>
		<bndbox>
			<xmin>1933</xmin>
			<ymin>49</ymin>
			<xmax>3451</xmax>
			<ymax>1793</ymax>
		</bndbox>
	</object>
</annotation>
