<annotation>
	<folder>images</folder>
	<filename>kangaroo-81.jpg</filename>
	<path>/home/hugo/Documents/projects/tfjs/dataset/images/kangaroo-81.jpg</path>
	<source>
		<database>Unknown</database>
	</source>
	<size>
		<width>1180</width>
		<height>663</height>
		<depth>3</depth>
	</size>
	<segmented>0</segmented>
	<object>
		<name>kangaroo</name>
		<pose>Unspecified</pose>
		<truncated>0</truncated>
		<difficult>0</difficult>
		<bndbox>
			<xmin>296</xmin>
			<ymin>46</ymin>
			<xmax>1016</xmax>
			<ymax>500</ymax>
		</bndbox>
	</object>
</annotation>
