<annotation>
	<folder>images</folder>
	<filename>kangaroo-8.jpg</filename>
	<path>/home/hugo/Documents/projects/tfjs/dataset/images/kangaroo-8.jpg</path>
	<source>
		<database>Unknown</database>
	</source>
	<size>
		<width>1600</width>
		<height>800</height>
		<depth>3</depth>
	</size>
	<segmented>0</segmented>
	<object>
		<name>kangaroo</name>
		<pose>Unspecified</pose>
		<truncated>0</truncated>
		<difficult>0</difficult>
		<bndbox>
			<xmin>169</xmin>
			<ymin>5</ymin>
			<xmax>1371</xmax>
			<ymax>787</ymax>
		</bndbox>
	</object>
</annotation>
