<annotation>
	<folder>images</folder>
	<filename>kangaroo-348.jpg</filename>
	<path>/home/hugo/Documents/projects/tfjs/dataset/images/kangaroo-348.jpg</path>
	<source>
		<database>Unknown</database>
	</source>
	<size>
		<width>1024</width>
		<height>577</height>
		<depth>3</depth>
	</size>
	<segmented>0</segmented>
	<object>
		<name>kangaroo</name>
		<pose>Unspecified</pose>
		<truncated>1</truncated>
		<difficult>0</difficult>
		<bndbox>
			<xmin>416</xmin>
			<ymin>155</ymin>
			<xmax>671</xmax>
			<ymax>577</ymax>
		</bndbox>
	</object>
</annotation>
