<annotation>
	<folder>images</folder>
	<filename>kangaroo-553.jpg</filename>
	<path>/home/hugo/Documents/projects/tfjs/dataset/images/kangaroo-553.jpg</path>
	<source>
		<database>Unknown</database>
	</source>
	<size>
		<width>1300</width>
		<height>610</height>
		<depth>3</depth>
	</size>
	<segmented>0</segmented>
	<object>
		<name>kangaroo</name>
		<pose>Unspecified</pose>
		<truncated>0</truncated>
		<difficult>0</difficult>
		<bndbox>
			<xmin>898</xmin>
			<ymin>178</ymin>
			<xmax>1277</xmax>
			<ymax>414</ymax>
		</bndbox>
	</object>
	<object>
		<name>kangaroo</name>
		<pose>Unspecified</pose>
		<truncated>0</truncated>
		<difficult>0</difficult>
		<bndbox>
			<xmin>105</xmin>
			<ymin>155</ymin>
			<xmax>411</xmax>
			<ymax>389</ymax>
		</bndbox>
	</object>
	<object>
		<name>kangaroo</name>
		<pose>Unspecified</pose>
		<truncated>0</truncated>
		<difficult>0</difficult>
		<bndbox>
			<xmin>338</xmin>
			<ymin>292</ymin>
			<xmax>769</xmax>
			<ymax>535</ymax>
		</bndbox>
	</object>
</annotation>
