<annotation>
	<folder>images</folder>
	<filename>kangaroo-516.jpg</filename>
	<path>/home/hugo/Documents/projects/tfjs/dataset/images/kangaroo-516.jpg</path>
	<source>
		<database>Unknown</database>
	</source>
	<size>
		<width>948</width>
		<height>536</height>
		<depth>3</depth>
	</size>
	<segmented>0</segmented>
	<object>
		<name>kangaroo</name>
		<pose>Unspecified</pose>
		<truncated>0</truncated>
		<difficult>0</difficult>
		<bndbox>
			<xmin>412</xmin>
			<ymin>152</ymin>
			<xmax>515</xmax>
			<ymax>429</ymax>
		</bndbox>
	</object>
</annotation>
