<annotation>
	<folder>images</folder>
	<filename>kangaroo-594.jpg</filename>
	<path>/home/hugo/Documents/projects/tfjs/dataset/images/kangaroo-594.jpg</path>
	<source>
		<database>Unknown</database>
	</source>
	<size>
		<width>1170</width>
		<height>430</height>
		<depth>3</depth>
	</size>
	<segmented>0</segmented>
	<object>
		<name>kangaroo</name>
		<pose>Unspecified</pose>
		<truncated>0</truncated>
		<difficult>0</difficult>
		<bndbox>
			<xmin>366</xmin>
			<ymin>65</ymin>
			<xmax>648</xmax>
			<ymax>395</ymax>
		</bndbox>
	</object>
</annotation>
