<annotation>
	<folder>images</folder>
	<filename>kangaroo-299.jpg</filename>
	<path>/home/hugo/Documents/projects/tfjs/dataset/images/kangaroo-299.jpg</path>
	<source>
		<database>Unknown</database>
	</source>
	<size>
		<width>720</width>
		<height>945</height>
		<depth>3</depth>
	</size>
	<segmented>0</segmented>
	<object>
		<name>kangaroo</name>
		<pose>Unspecified</pose>
		<truncated>0</truncated>
		<difficult>0</difficult>
		<bndbox>
			<xmin>143</xmin>
			<ymin>82</ymin>
			<xmax>693</xmax>
			<ymax>918</ymax>
		</bndbox>
	</object>
</annotation>
