<annotation>
	<folder>images</folder>
	<filename>kangaroo-699.jpg</filename>
	<path>/home/hugo/Documents/projects/tfjs/dataset/images/kangaroo-699.jpg</path>
	<source>
		<database>Unknown</database>
	</source>
	<size>
		<width>1280</width>
		<height>720</height>
		<depth>3</depth>
	</size>
	<segmented>0</segmented>
	<object>
		<name>kangaroo</name>
		<pose>Unspecified</pose>
		<truncated>0</truncated>
		<difficult>0</difficult>
		<bndbox>
			<xmin>365</xmin>
			<ymin>72</ymin>
			<xmax>760</xmax>
			<ymax>718</ymax>
		</bndbox>
	</object>
	<object>
		<name>kangaroo</name>
		<pose>Unspecified</pose>
		<truncated>0</truncated>
		<difficult>0</difficult>
		<bndbox>
			<xmin>201</xmin>
			<ymin>485</ymin>
			<xmax>370</xmax>
			<ymax>705</ymax>
		</bndbox>
	</object>
	<object>
		<name>kangaroo</name>
		<pose>Unspecified</pose>
		<truncated>0</truncated>
		<difficult>0</difficult>
		<bndbox>
			<xmin>763</xmin>
			<ymin>11</ymin>
			<xmax>1075</xmax>
			<ymax>701</ymax>
		</bndbox>
	</object>
</annotation>
