<annotation>
	<folder>images</folder>
	<filename>kangaroo-573.jpg</filename>
	<path>/home/hugo/Documents/projects/tfjs/dataset/images/kangaroo-573.jpg</path>
	<source>
		<database>Unknown</database>
	</source>
	<size>
		<width>1000</width>
		<height>667</height>
		<depth>3</depth>
	</size>
	<segmented>0</segmented>
	<object>
		<name>kangaroo</name>
		<pose>Unspecified</pose>
		<truncated>0</truncated>
		<difficult>0</difficult>
		<bndbox>
			<xmin>34</xmin>
			<ymin>72</ymin>
			<xmax>907</xmax>
			<ymax>604</ymax>
		</bndbox>
	</object>
</annotation>
