<annotation>
	<folder>images</folder>
	<filename>kangaroo-580.jpg</filename>
	<path>/home/hugo/Documents/projects/tfjs/dataset/images/kangaroo-580.jpg</path>
	<source>
		<database>Unknown</database>
	</source>
	<size>
		<width>1280</width>
		<height>720</height>
		<depth>3</depth>
	</size>
	<segmented>0</segmented>
	<object>
		<name>kangaroo</name>
		<pose>Unspecified</pose>
		<truncated>1</truncated>
		<difficult>0</difficult>
		<bndbox>
			<xmin>287</xmin>
			<ymin>91</ymin>
			<xmax>673</xmax>
			<ymax>720</ymax>
		</bndbox>
	</object>
	<object>
		<name>kangaroo</name>
		<pose>Unspecified</pose>
		<truncated>1</truncated>
		<difficult>0</difficult>
		<bndbox>
			<xmin>689</xmin>
			<ymin>42</ymin>
			<xmax>1010</xmax>
			<ymax>720</ymax>
		</bndbox>
	</object>
</annotation>
