<annotation>
	<folder>images</folder>
	<filename>kangaroo-179.jpg</filename>
	<path>/home/hugo/Documents/projects/tfjs/dataset/images/kangaroo-179.jpg</path>
	<source>
		<database>Unknown</database>
	</source>
	<size>
		<width>2121</width>
		<height>1414</height>
		<depth>3</depth>
	</size>
	<segmented>0</segmented>
	<object>
		<name>kangaroo</name>
		<pose>Unspecified</pose>
		<truncated>0</truncated>
		<difficult>0</difficult>
		<bndbox>
			<xmin>682</xmin>
			<ymin>354</ymin>
			<xmax>1391</xmax>
			<ymax>1234</ymax>
		</bndbox>
	</object>
</annotation>
