<annotation>
	<folder>images</folder>
	<filename>kangaroo-615.jpg</filename>
	<path>/home/hugo/Documents/projects/tfjs/dataset/images/kangaroo-615.jpg</path>
	<source>
		<database>Unknown</database>
	</source>
	<size>
		<width>976</width>
		<height>549</height>
		<depth>3</depth>
	</size>
	<segmented>0</segmented>
	<object>
		<name>kangaroo</name>
		<pose>Unspecified</pose>
		<truncated>0</truncated>
		<difficult>0</difficult>
		<bndbox>
			<xmin>583</xmin>
			<ymin>170</ymin>
			<xmax>745</xmax>
			<ymax>419</ymax>
		</bndbox>
	</object>
	<object>
		<name>kangaroo</name>
		<pose>Unspecified</pose>
		<truncated>0</truncated>
		<difficult>0</difficult>
		<bndbox>
			<xmin>126</xmin>
			<ymin>130</ymin>
			<xmax>428</xmax>
			<ymax>417</ymax>
		</bndbox>
	</object>
</annotation>
