<annotation>
	<folder>images</folder>
	<filename>kangaroo-248.jpg</filename>
	<path>/home/hugo/Documents/projects/tfjs/dataset/images/kangaroo-248.jpg</path>
	<source>
		<database>Unknown</database>
	</source>
	<size>
		<width>2048</width>
		<height>1368</height>
		<depth>3</depth>
	</size>
	<segmented>0</segmented>
	<object>
		<name>kangaroo</name>
		<pose>Unspecified</pose>
		<truncated>0</truncated>
		<difficult>0</difficult>
		<bndbox>
			<xmin>84</xmin>
			<ymin>410</ymin>
			<xmax>1018</xmax>
			<ymax>991</ymax>
		</bndbox>
	</object>
	<object>
		<name>kangaroo</name>
		<pose>Unspecified</pose>
		<truncated>0</truncated>
		<difficult>0</difficult>
		<bndbox>
			<xmin>975</xmin>
			<ymin>364</ymin>
			<xmax>1255</xmax>
			<ymax>819</ymax>
		</bndbox>
	</object>
</annotation>
