<annotation>
	<folder>images</folder>
	<filename>kangaroo-264.jpg</filename>
	<path>/home/hugo/Documents/projects/tfjs/dataset/images/kangaroo-264.jpg</path>
	<source>
		<database>Unknown</database>
	</source>
	<size>
		<width>1000</width>
		<height>581</height>
		<depth>3</depth>
	</size>
	<segmented>0</segmented>
	<object>
		<name>kangaroo</name>
		<pose>Unspecified</pose>
		<truncated>0</truncated>
		<difficult>0</difficult>
		<bndbox>
			<xmin>224</xmin>
			<ymin>31</ymin>
			<xmax>685</xmax>
			<ymax>570</ymax>
		</bndbox>
	</object>
</annotation>
