<annotation>
	<folder>images</folder>
	<filename>kangaroo-325.jpg</filename>
	<path>/home/hugo/Documents/projects/tfjs/dataset/images/kangaroo-325.jpg</path>
	<source>
		<database>Unknown</database>
	</source>
	<size>
		<width>1920</width>
		<height>1080</height>
		<depth>3</depth>
	</size>
	<segmented>0</segmented>
	<object>
		<name>kangaroo</name>
		<pose>Unspecified</pose>
		<truncated>0</truncated>
		<difficult>0</difficult>
		<bndbox>
			<xmin>1030</xmin>
			<ymin>336</ymin>
			<xmax>1335</xmax>
			<ymax>865</ymax>
		</bndbox>
	</object>
</annotation>
