<annotation>
	<folder>images</folder>
	<filename>kangaroo-86.jpg</filename>
	<path>/home/hugo/Documents/projects/tfjs/dataset/images/kangaroo-86.jpg</path>
	<source>
		<database>Unknown</database>
	</source>
	<size>
		<width>2667</width>
		<height>2000</height>
		<depth>3</depth>
	</size>
	<segmented>0</segmented>
	<object>
		<name>kangaroo</name>
		<pose>Unspecified</pose>
		<truncated>1</truncated>
		<difficult>0</difficult>
		<bndbox>
			<xmin>288</xmin>
			<ymin>581</ymin>
			<xmax>1805</xmax>
			<ymax>2000</ymax>
		</bndbox>
	</object>
</annotation>
