<annotation>
	<folder>images</folder>
	<filename>kangaroo-682.jpg</filename>
	<path>/home/hugo/Documents/projects/tfjs/dataset/images/kangaroo-682.jpg</path>
	<source>
		<database>Unknown</database>
	</source>
	<size>
		<width>194</width>
		<height>259</height>
		<depth>3</depth>
	</size>
	<segmented>0</segmented>
	<object>
		<name>kangaroo</name>
		<pose>Unspecified</pose>
		<truncated>1</truncated>
		<difficult>0</difficult>
		<bndbox>
			<xmin>1</xmin>
			<ymin>22</ymin>
			<xmax>93</xmax>
			<ymax>184</ymax>
		</bndbox>
	</object>
	<object>
		<name>kangaroo</name>
		<pose>Unspecified</pose>
		<truncated>0</truncated>
		<difficult>0</difficult>
		<bndbox>
			<xmin>94</xmin>
			<ymin>22</ymin>
			<xmax>189</xmax>
			<ymax>178</ymax>
		</bndbox>
	</object>
</annotation>
