<annotation>
	<folder>images</folder>
	<filename>kangaroo-222.jpg</filename>
	<path>/home/hugo/Documents/projects/tfjs/dataset/images/kangaroo-222.jpg</path>
	<source>
		<database>Unknown</database>
	</source>
	<size>
		<width>1500</width>
		<height>1000</height>
		<depth>3</depth>
	</size>
	<segmented>0</segmented>
	<object>
		<name>kangaroo</name>
		<pose>Unspecified</pose>
		<truncated>0</truncated>
		<difficult>0</difficult>
		<bndbox>
			<xmin>343</xmin>
			<ymin>340</ymin>
			<xmax>709</xmax>
			<ymax>832</ymax>
		</bndbox>
	</object>
	<object>
		<name>kangaroo</name>
		<pose>Unspecified</pose>
		<truncated>0</truncated>
		<difficult>0</difficult>
		<bndbox>
			<xmin>765</xmin>
			<ymin>273</ymin>
			<xmax>1087</xmax>
			<ymax>760</ymax>
		</bndbox>
	</object>
</annotation>
