<annotation>
	<folder>images</folder>
	<filename>kangaroo-220.jpg</filename>
	<path>/home/hugo/Documents/projects/tfjs/dataset/images/kangaroo-220.jpg</path>
	<source>
		<database>Unknown</database>
	</source>
	<size>
		<width>850</width>
		<height>1275</height>
		<depth>3</depth>
	</size>
	<segmented>0</segmented>
	<object>
		<name>kangaroo</name>
		<pose>Unspecified</pose>
		<truncated>0</truncated>
		<difficult>0</difficult>
		<bndbox>
			<xmin>207</xmin>
			<ymin>91</ymin>
			<xmax>645</xmax>
			<ymax>1175</ymax>
		</bndbox>
	</object>
</annotation>
