<annotation>
	<folder>images</folder>
	<filename>kangaroo-11.jpg</filename>
	<path>/home/hugo/Documents/projects/tfjs/dataset/images/kangaroo-11.jpg</path>
	<source>
		<database>Unknown</database>
	</source>
	<size>
		<width>1400</width>
		<height>1400</height>
		<depth>3</depth>
	</size>
	<segmented>0</segmented>
	<object>
		<name>kangaroo</name>
		<pose>Unspecified</pose>
		<truncated>1</truncated>
		<difficult>0</difficult>
		<bndbox>
			<xmin>4</xmin>
			<ymin>106</ymin>
			<xmax>1400</xmax>
			<ymax>1314</ymax>
		</bndbox>
	</object>
</annotation>
