<annotation>
	<folder>images</folder>
	<filename>kangaroo-344.jpg</filename>
	<path>/home/hugo/Documents/projects/tfjs/dataset/images/kangaroo-344.jpg</path>
	<source>
		<database>Unknown</database>
	</source>
	<size>
		<width>928</width>
		<height>529</height>
		<depth>3</depth>
	</size>
	<segmented>0</segmented>
	<object>
		<name>kangaroo</name>
		<pose>Unspecified</pose>
		<truncated>0</truncated>
		<difficult>0</difficult>
		<bndbox>
			<xmin>256</xmin>
			<ymin>216</ymin>
			<xmax>629</xmax>
			<ymax>479</ymax>
		</bndbox>
	</object>
</annotation>
