<annotation>
	<folder>images</folder>
	<filename>kangaroo-388.jpg</filename>
	<path>/home/hugo/Documents/projects/tfjs/dataset/images/kangaroo-388.jpg</path>
	<source>
		<database>Unknown</database>
	</source>
	<size>
		<width>2138</width>
		<height>1402</height>
		<depth>3</depth>
	</size>
	<segmented>0</segmented>
	<object>
		<name>kangaroo</name>
		<pose>Unspecified</pose>
		<truncated>1</truncated>
		<difficult>0</difficult>
		<bndbox>
			<xmin>479</xmin>
			<ymin>83</ymin>
			<xmax>1227</xmax>
			<ymax>1402</ymax>
		</bndbox>
	</object>
</annotation>
