<annotation>
	<folder>images</folder>
	<filename>kangaroo-214.jpg</filename>
	<path>/home/hugo/Documents/projects/tfjs/dataset/images/kangaroo-214.jpg</path>
	<source>
		<database>Unknown</database>
	</source>
	<size>
		<width>1200</width>
		<height>600</height>
		<depth>3</depth>
	</size>
	<segmented>0</segmented>
	<object>
		<name>kangaroo</name>
		<pose>Unspecified</pose>
		<truncated>1</truncated>
		<difficult>0</difficult>
		<bndbox>
			<xmin>63</xmin>
			<ymin>19</ymin>
			<xmax>390</xmax>
			<ymax>600</ymax>
		</bndbox>
	</object>
	<object>
		<name>kangaroo</name>
		<pose>Unspecified</pose>
		<truncated>0</truncated>
		<difficult>0</difficult>
		<bndbox>
			<xmin>623</xmin>
			<ymin>4</ymin>
			<xmax>1189</xmax>
			<ymax>580</ymax>
		</bndbox>
	</object>
</annotation>
