<annotation>
	<folder>images</folder>
	<filename>kangaroo-596.jpg</filename>
	<path>/home/hugo/Documents/projects/tfjs/dataset/images/kangaroo-596.jpg</path>
	<source>
		<database>Unknown</database>
	</source>
	<size>
		<width>679</width>
		<height>929</height>
		<depth>3</depth>
	</size>
	<segmented>0</segmented>
	<object>
		<name>kangaroo</name>
		<pose>Unspecified</pose>
		<truncated>1</truncated>
		<difficult>0</difficult>
		<bndbox>
			<xmin>204</xmin>
			<ymin>2</ymin>
			<xmax>679</xmax>
			<ymax>889</ymax>
		</bndbox>
	</object>
	<object>
		<name>kangaroo</name>
		<pose>Unspecified</pose>
		<truncated>1</truncated>
		<difficult>0</difficult>
		<bndbox>
			<xmin>1</xmin>
			<ymin>683</ymin>
			<xmax>161</xmax>
			<ymax>925</ymax>
		</bndbox>
	</object>
</annotation>
