<annotation>
	<folder>images</folder>
	<filename>kangaroo-364.jpg</filename>
	<path>/home/hugo/Documents/projects/tfjs/dataset/images/kangaroo-364.jpg</path>
	<source>
		<database>Unknown</database>
	</source>
	<size>
		<width>1200</width>
		<height>628</height>
		<depth>3</depth>
	</size>
	<segmented>0</segmented>
	<object>
		<name>kangaroo</name>
		<pose>Unspecified</pose>
		<truncated>0</truncated>
		<difficult>0</difficult>
		<bndbox>
			<xmin>569</xmin>
			<ymin>150</ymin>
			<xmax>869</xmax>
			<ymax>589</ymax>
		</bndbox>
	</object>
	<object>
		<name>kangaroo</name>
		<pose>Unspecified</pose>
		<truncated>0</truncated>
		<difficult>0</difficult>
		<bndbox>
			<xmin>416</xmin>
			<ymin>24</ymin>
			<xmax>568</xmax>
			<ymax>558</ymax>
		</bndbox>
	</object>
</annotation>
