<annotation>
	<folder>images</folder>
	<filename>kangaroo-217.jpg</filename>
	<path>/home/hugo/Documents/projects/tfjs/dataset/images/kangaroo-217.jpg</path>
	<source>
		<database>Unknown</database>
	</source>
	<size>
		<width>986</width>
		<height>555</height>
		<depth>3</depth>
	</size>
	<segmented>0</segmented>
	<object>
		<name>kangaroo</name>
		<pose>Unspecified</pose>
		<truncated>1</truncated>
		<difficult>0</difficult>
		<bndbox>
			<xmin>359</xmin>
			<ymin>1</ymin>
			<xmax>833</xmax>
			<ymax>555</ymax>
		</bndbox>
	</object>
</annotation>
