<annotation>
	<folder>images</folder>
	<filename>kangaroo-623.jpg</filename>
	<path>/home/hugo/Documents/projects/tfjs/dataset/images/kangaroo-623.jpg</path>
	<source>
		<database>Unknown</database>
	</source>
	<size>
		<width>1000</width>
		<height>667</height>
		<depth>3</depth>
	</size>
	<segmented>0</segmented>
	<object>
		<name>kangaroo</name>
		<pose>Unspecified</pose>
		<truncated>0</truncated>
		<difficult>0</difficult>
		<bndbox>
			<xmin>26</xmin>
			<ymin>165</ymin>
			<xmax>196</xmax>
			<ymax>629</ymax>
		</bndbox>
	</object>
	<object>
		<name>kangaroo</name>
		<pose>Unspecified</pose>
		<truncated>0</truncated>
		<difficult>0</difficult>
		<bndbox>
			<xmin>255</xmin>
			<ymin>324</ymin>
			<xmax>380</xmax>
			<ymax>625</ymax>
		</bndbox>
	</object>
	<object>
		<name>kangaroo</name>
		<pose>Unspecified</pose>
		<truncated>0</truncated>
		<difficult>0</difficult>
		<bndbox>
			<xmin>570</xmin>
			<ymin>118</ymin>
			<xmax>870</xmax>
			<ymax>634</ymax>
		</bndbox>
	</object>
	<object>
		<name>kangaroo</name>
		<pose>Unspecified</pose>
		<truncated>0</truncated>
		<difficult>0</difficult>
		<bndbox>
			<xmin>796</xmin>
			<ymin>273</ymin>
			<xmax>966</xmax>
			<ymax>632</ymax>
		</bndbox>
	</object>
</annotation>
