<annotation>
	<folder>images</folder>
	<filename>kangaroo-543.jpg</filename>
	<path>/home/hugo/Documents/projects/tfjs/dataset/images/kangaroo-543.jpg</path>
	<source>
		<database>Unknown</database>
	</source>
	<size>
		<width>3001</width>
		<height>2000</height>
		<depth>3</depth>
	</size>
	<segmented>0</segmented>
	<object>
		<name>kangaroo</name>
		<pose>Unspecified</pose>
		<truncated>0</truncated>
		<difficult>0</difficult>
		<bndbox>
			<xmin>1407</xmin>
			<ymin>1256</ymin>
			<xmax>1833</xmax>
			<ymax>1848</ymax>
		</bndbox>
	</object>
	<object>
		<name>kangaroo</name>
		<pose>Unspecified</pose>
		<truncated>0</truncated>
		<difficult>0</difficult>
		<bndbox>
			<xmin>410</xmin>
			<ymin>1305</ymin>
			<xmax>874</xmax>
			<ymax>1607</ymax>
		</bndbox>
	</object>
	<object>
		<name>kangaroo</name>
		<pose>Unspecified</pose>
		<truncated>0</truncated>
		<difficult>0</difficult>
		<bndbox>
			<xmin>971</xmin>
			<ymin>1569</ymin>
			<xmax>1341</xmax>
			<ymax>1810</ymax>
		</bndbox>
	</object>
	<object>
		<name>kangaroo</name>
		<pose>Unspecified</pose>
		<truncated>0</truncated>
		<difficult>0</difficult>
		<bndbox>
			<xmin>2264</xmin>
			<ymin>1377</ymin>
			<xmax>2489</xmax>
			<ymax>1551</ymax>
		</bndbox>
	</object>
	<object>
		<name>kangaroo</name>
		<pose>Unspecified</pose>
		<truncated>0</truncated>
		<difficult>0</difficult>
		<bndbox>
			<xmin>1805</xmin>
			<ymin>1353</ymin>
			<xmax>1951</xmax>
			<ymax>1471</ymax>
		</bndbox>
	</object>
</annotation>
