<annotation>
	<folder>images</folder>
	<filename>kangaroo-675.jpg</filename>
	<path>/home/hugo/Documents/projects/tfjs/dataset/images/kangaroo-675.jpg</path>
	<source>
		<database>Unknown</database>
	</source>
	<size>
		<width>729</width>
		<height>1024</height>
		<depth>3</depth>
	</size>
	<segmented>0</segmented>
	<object>
		<name>kangaroo</name>
		<pose>Unspecified</pose>
		<truncated>1</truncated>
		<difficult>0</difficult>
		<bndbox>
			<xmin>1</xmin>
			<ymin>68</ymin>
			<xmax>474</xmax>
			<ymax>696</ymax>
		</bndbox>
	</object>
</annotation>
