<annotation>
	<folder>images</folder>
	<filename>kangaroo-40.jpg</filename>
	<path>/home/hugo/Documents/projects/tfjs/dataset/images/kangaroo-40.jpg</path>
	<source>
		<database>Unknown</database>
	</source>
	<size>
		<width>2560</width>
		<height>1440</height>
		<depth>3</depth>
	</size>
	<segmented>0</segmented>
	<object>
		<name>kangaroo</name>
		<pose>Unspecified</pose>
		<truncated>0</truncated>
		<difficult>0</difficult>
		<bndbox>
			<xmin>925</xmin>
			<ymin>32</ymin>
			<xmax>1762</xmax>
			<ymax>1369</ymax>
		</bndbox>
	</object>
	<object>
		<name>kangaroo</name>
		<pose>Unspecified</pose>
		<truncated>0</truncated>
		<difficult>0</difficult>
		<bndbox>
			<xmin>384</xmin>
			<ymin>315</ymin>
			<xmax>1016</xmax>
			<ymax>1021</ymax>
		</bndbox>
	</object>
</annotation>
