<annotation>
	<folder>images</folder>
	<filename>kangaroo-339.jpg</filename>
	<path>/home/hugo/Documents/projects/tfjs/dataset/images/kangaroo-339.jpg</path>
	<source>
		<database>Unknown</database>
	</source>
	<size>
		<width>1000</width>
		<height>562</height>
		<depth>3</depth>
	</size>
	<segmented>0</segmented>
	<object>
		<name>kangaroo</name>
		<pose>Unspecified</pose>
		<truncated>0</truncated>
		<difficult>0</difficult>
		<bndbox>
			<xmin>290</xmin>
			<ymin>175</ymin>
			<xmax>720</xmax>
			<ymax>404</ymax>
		</bndbox>
	</object>
</annotation>
