<annotation>
	<folder>images</folder>
	<filename>kangaroo-140.jpg</filename>
	<path>/home/hugo/Documents/projects/tfjs/dataset/images/kangaroo-140.jpg</path>
	<source>
		<database>Unknown</database>
	</source>
	<size>
		<width>1500</width>
		<height>2250</height>
		<depth>3</depth>
	</size>
	<segmented>0</segmented>
	<object>
		<name>kangaroo</name>
		<pose>Unspecified</pose>
		<truncated>1</truncated>
		<difficult>0</difficult>
		<bndbox>
			<xmin>1</xmin>
			<ymin>160</ymin>
			<xmax>1418</xmax>
			<ymax>2250</ymax>
		</bndbox>
	</object>
</annotation>
