<annotation>
	<folder>images</folder>
	<filename>kangaroo-455.jpg</filename>
	<path>/home/hugo/Documents/projects/tfjs/dataset/images/kangaroo-455.jpg</path>
	<source>
		<database>Unknown</database>
	</source>
	<size>
		<width>300</width>
		<height>168</height>
		<depth>3</depth>
	</size>
	<segmented>0</segmented>
	<object>
		<name>kangaroo</name>
		<pose>Unspecified</pose>
		<truncated>0</truncated>
		<difficult>0</difficult>
		<bndbox>
			<xmin>141</xmin>
			<ymin>92</ymin>
			<xmax>233</xmax>
			<ymax>150</ymax>
		</bndbox>
	</object>
</annotation>
