<annotation>
	<folder>images</folder>
	<filename>kangaroo-237.jpg</filename>
	<path>/home/hugo/Documents/projects/tfjs/dataset/images/kangaroo-237.jpg</path>
	<source>
		<database>Unknown</database>
	</source>
	<size>
		<width>2000</width>
		<height>1335</height>
		<depth>3</depth>
	</size>
	<segmented>0</segmented>
	<object>
		<name>kangaroo</name>
		<pose>Unspecified</pose>
		<truncated>0</truncated>
		<difficult>0</difficult>
		<bndbox>
			<xmin>313</xmin>
			<ymin>306</ymin>
			<xmax>1189</xmax>
			<ymax>1007</ymax>
		</bndbox>
	</object>
</annotation>
