<annotation>
	<folder>images</folder>
	<filename>kangaroo-39.jpg</filename>
	<path>/home/hugo/Documents/projects/tfjs/dataset/images/kangaroo-39.jpg</path>
	<source>
		<database>Unknown</database>
	</source>
	<size>
		<width>1500</width>
		<height>1876</height>
		<depth>3</depth>
	</size>
	<segmented>0</segmented>
	<object>
		<name>kangaroo</name>
		<pose>Unspecified</pose>
		<truncated>1</truncated>
		<difficult>0</difficult>
		<bndbox>
			<xmin>237</xmin>
			<ymin>95</ymin>
			<xmax>1349</xmax>
			<ymax>1876</ymax>
		</bndbox>
	</object>
</annotation>
