<annotation>
	<folder>images</folder>
	<filename>kangaroo-231.jpg</filename>
	<path>/home/hugo/Documents/projects/tfjs/dataset/images/kangaroo-231.jpg</path>
	<source>
		<database>Unknown</database>
	</source>
	<size>
		<width>1356</width>
		<height>668</height>
		<depth>3</depth>
	</size>
	<segmented>0</segmented>
	<object>
		<name>kangaroo</name>
		<pose>Unspecified</pose>
		<truncated>0</truncated>
		<difficult>0</difficult>
		<bndbox>
			<xmin>304</xmin>
			<ymin>307</ymin>
			<xmax>394</xmax>
			<ymax>481</ymax>
		</bndbox>
	</object>
	<object>
		<name>kangaroo</name>
		<pose>Unspecified</pose>
		<truncated>0</truncated>
		<difficult>0</difficult>
		<bndbox>
			<xmin>138</xmin>
			<ymin>265</ymin>
			<xmax>196</xmax>
			<ymax>345</ymax>
		</bndbox>
	</object>
	<object>
		<name>kangaroo</name>
		<pose>Unspecified</pose>
		<truncated>0</truncated>
		<difficult>0</difficult>
		<bndbox>
			<xmin>689</xmin>
			<ymin>330</ymin>
			<xmax>801</xmax>
			<ymax>447</ymax>
		</bndbox>
	</object>
	<object>
		<name>kangaroo</name>
		<pose>Unspecified</pose>
		<truncated>0</truncated>
		<difficult>0</difficult>
		<bndbox>
			<xmin>862</xmin>
			<ymin>306</ymin>
			<xmax>960</xmax>
			<ymax>433</ymax>
		</bndbox>
	</object>
	<object>
		<name>kangaroo</name>
		<pose>Unspecified</pose>
		<truncated>0</truncated>
		<difficult>0</difficult>
		<bndbox>
			<xmin>1061</xmin>
			<ymin>261</ymin>
			<xmax>1179</xmax>
			<ymax>405</ymax>
		</bndbox>
	</object>
	<object>
		<name>kangaroo</name>
		<pose>Unspecified</pose>
		<truncated>0</truncated>
		<difficult>0</difficult>
		<bndbox>
			<xmin>524</xmin>
			<ymin>263</ymin>
			<xmax>585</xmax>
			<ymax>335</ymax>
		</bndbox>
	</object>
</annotation>
