<annotation>
	<folder>images</folder>
	<filename>kangaroo-377.jpg</filename>
	<path>/home/hugo/Documents/projects/tfjs/dataset/images/kangaroo-377.jpg</path>
	<source>
		<database>Unknown</database>
	</source>
	<size>
		<width>289</width>
		<height>174</height>
		<depth>3</depth>
	</size>
	<segmented>0</segmented>
	<object>
		<name>kangaroo</name>
		<pose>Unspecified</pose>
		<truncated>0</truncated>
		<difficult>0</difficult>
		<bndbox>
			<xmin>48</xmin>
			<ymin>56</ymin>
			<xmax>158</xmax>
			<ymax>142</ymax>
		</bndbox>
	</object>
	<object>
		<name>kangaroo</name>
		<pose>Unspecified</pose>
		<truncated>0</truncated>
		<difficult>0</difficult>
		<bndbox>
			<xmin>159</xmin>
			<ymin>86</ymin>
			<xmax>251</xmax>
			<ymax>139</ymax>
		</bndbox>
	</object>
</annotation>
