<annotation>
	<folder>images</folder>
	<filename>kangaroo-158.jpg</filename>
	<path>/home/hugo/Documents/projects/tfjs/dataset/images/kangaroo-158.jpg</path>
	<source>
		<database>Unknown</database>
	</source>
	<size>
		<width>2048</width>
		<height>1364</height>
		<depth>3</depth>
	</size>
	<segmented>0</segmented>
	<object>
		<name>kangaroo</name>
		<pose>Unspecified</pose>
		<truncated>1</truncated>
		<difficult>0</difficult>
		<bndbox>
			<xmin>1</xmin>
			<ymin>206</ymin>
			<xmax>868</xmax>
			<ymax>1311</ymax>
		</bndbox>
	</object>
	<object>
		<name>kangaroo</name>
		<pose>Unspecified</pose>
		<truncated>0</truncated>
		<difficult>0</difficult>
		<bndbox>
			<xmin>743</xmin>
			<ymin>611</ymin>
			<xmax>1314</xmax>
			<ymax>1253</ymax>
		</bndbox>
	</object>
	<object>
		<name>kangaroo</name>
		<pose>Unspecified</pose>
		<truncated>0</truncated>
		<difficult>0</difficult>
		<bndbox>
			<xmin>1467</xmin>
			<ymin>411</ymin>
			<xmax>1723</xmax>
			<ymax>564</ymax>
		</bndbox>
	</object>
</annotation>
