<annotation>
	<folder>images</folder>
	<filename>kangaroo-518.jpg</filename>
	<path>/home/hugo/Documents/projects/tfjs/dataset/images/kangaroo-518.jpg</path>
	<source>
		<database>Unknown</database>
	</source>
	<size>
		<width>900</width>
		<height>1200</height>
		<depth>3</depth>
	</size>
	<segmented>0</segmented>
	<object>
		<name>kangaroo</name>
		<pose>Unspecified</pose>
		<truncated>0</truncated>
		<difficult>0</difficult>
		<bndbox>
			<xmin>156</xmin>
			<ymin>6</ymin>
			<xmax>865</xmax>
			<ymax>1128</ymax>
		</bndbox>
	</object>
</annotation>
