<annotation>
	<folder>images</folder>
	<filename>kangaroo-163.jpg</filename>
	<path>/home/hugo/Documents/projects/tfjs/dataset/images/kangaroo-163.jpg</path>
	<source>
		<database>Unknown</database>
	</source>
	<size>
		<width>940</width>
		<height>536</height>
		<depth>3</depth>
	</size>
	<segmented>0</segmented>
	<object>
		<name>kangaroo</name>
		<pose>Unspecified</pose>
		<truncated>1</truncated>
		<difficult>0</difficult>
		<bndbox>
			<xmin>209</xmin>
			<ymin>57</ymin>
			<xmax>599</xmax>
			<ymax>536</ymax>
		</bndbox>
	</object>
</annotation>
